Item Code,Product,UPC,Bill Units,Scan Units,Est. Units On Hand,Est. Sell Thru % (Units),Bill $,Sales
357090,ALPO SNAPS VARIETY PK DOG TRTS,1113200392, 104 , 105 ,(1),101%,$277 ,$280 
336347,ALPO PRIME CUTS W/ BEEF,1113212556, 46 , 45 , 1 ,98%,$220 ,$213 
59442,ALPO CHOPHOUSE T-BNE STK GRAVY,1113213597, 168 , 197 ,(29),117%,$131 ,$154 
164820,ALPO PRIME CUTS,1113214544, 29 , 29 , 0 ,100%,$232 ,$232 
298380,ONE CAT HAIRBALL FORMULA,1780001260, 16 , 16 , 0 ,100%,$184 ,$184 
324374,ONE PRPSFL NTRTN HAIRBALL FRML,1780001262, 6 , 5 , 1 ,83%,$138 ,$115 
357071,ONE CAT HAIRBALL FORMULA,1780001263, 20 , 22 ,(2),110%,$157 ,$173 
972604,ONE CAT URINARY TRACT HEALTH,1780001278, 4 , 5 ,(1),125%,$92 ,$115 
357088,ONE CAT SENIOR FORUMLA,1780001885, 20 , 23 ,(3),115%,$157 ,$180 
47449,WSKR LCKN CRNCH LVRS CKN/SEAFD,1780002063, 70 , 68 , 2 ,97%,$170 ,$165 
86159,ONE CAT SENSITIVE SYSTEMS,1780003198, 40 , 39 , 1 ,98%,$459 ,$448 
101134,ONE CAT HAIRBALL & WT FORMULA,1780003386, 52 , 51 , 1 ,98%,$597 ,$587 
428349,BENEFUL HEALTY PPY 4X3.5,1780010163, 24 , 23 , 1 ,96%,$133 ,$128 
142851,BENEFUL PM SIMMERD BEEF ENTREE,1780010963, 96 , 95 , 1 ,99%,$160 ,$159 
142850,BENEFUL PM SIMMERD CHKN MEDLEY,1780010964, 72 , 69 , 3 ,96%,$120 ,$115 
142853,BENEFUL PM BEEF STEW,1780010965, 104 , 102 , 2 ,98%,$174 ,$170 
142848,BENEFUL PM RICE & LAMB STEW,1780010967, 64 , 72 ,(8),113%,$107 ,$120 
743873,PPY CHOW LIT BITES 4X4,1780011030, 16 , 16 , 0 ,100%,$73 ,$73 
804084,CAT CHOW NATURALS,1780011322, 44 , 46 ,(2),105%,$241 ,$252 
170603,ONE WHOLESME BEEF & BRWN RICE,1780012592, 72 , 70 , 2 ,97%,$105 ,$102 
170581,ONE WHOLESME CHKN & BRWN RICE,1780012596, 72 , 83 ,(11),115%,$105 ,$121 
170582,PUR ONE SB PUP LAMB RICE,1780012599, 36 , 32 , 4 ,89%,$53 ,$47 
170584,PUR ONE SB ADULT TURKEY BARLEY,1780012604, 132 , 139 ,(7),105%,$193 ,$203 
47914,BENEFUL PM CHICKEN STEW,1780012861, 80 , 75 , 5 ,94%,$134 ,$125 
133990,KIT N KABOODLE,1780013043, 43 , 39 , 4 ,91%,$429 ,$389 
755143,BENEFUL HEALTHY WEIGHT 4X3.5,1780013465, 44 , 44 , 0 ,100%,$244 ,$244 
535931,BENEFUL ORIG BF 4X3.5,1780013483, 56 , 56 , 0 ,100%,$310 ,$311 
653978,BENEFUL INC BF 4X3.5,1780013640, 92 , 88 , 4 ,96%,$510 ,$487 
871664,ONE WET DOG BEEF & GRAVY,1780014309, 180 , 176 , 4 ,98%,$263 ,$258 
18220,PUR ONE SB HEALTHY WEIGHT LAMB,1780014311, 156 , 150 , 6 ,96%,$228 ,$220 
18112,ONE WET DOG CHICKEN & GRAVY,1780014314, 168 , 162 , 6 ,96%,$245 ,$237 
176001,CAT CHOW NATURALS,1780014500, 24 , 24 , 0 ,100%,$360 ,$360 
67433,PURINA ONE CAT BEEF PATE,1780014595, 120 , 92 , 28 ,77%,$106 ,$81 
68059,PURINA ONE CAT CHICKEN PATE,1780014597, 120 , 131 ,(11),109%,$106 ,$115 
69529,PURINA ONE CAT CHICKEN CUTS,1780014602, 144 , 155 ,(11),108%,$127 ,$136 
236946,PURINA ONE OCEAN WHTFSH PATE,1780014604, 144 , 123 , 21 ,85%,$127 ,$108 
236943,PURINA ONE SVRY TRKY BRSD GRVY,1780014607, 48 , 68 ,(20),142%,$42 ,$60 
69645,PURINA ONE TUNA CUTS,1780014609, 96 , 103 ,(7),107%,$84 ,$91 
69232,PURINA ONE CAT TRKY/GBLTS PATE,1780014613, 96 , 101 ,(5),105%,$84 ,$89 
237137,DOG CHOW HEALTHY MORSELS,1780014905, 34 , 5 , 29 ,15%,$419 ,$60 
237218,DOG CHOW LITTLE BITES INDOOR,1780014909, 15 , 16 ,(1),107%,$179 ,$192 
237071,PUPPY CHOW HEALTHY MORSELS,1780014911, 26 , 1 , 25 ,4%,$310 ,$12 
8146,ONE SMTBLND DOG HLTHY WGHT FRM,1780014920, 33 , 34 ,(1),103%,$721 ,$739 
6647,ONE SMRTBLND SML BTS BF & RC,1780014929, 67 , 65 , 2 ,97%,"$1,463 ","$1,420 "
19472,ONE SMTBLD VIB MAT 7+ SNR DOG,1780014932, 26 , 24 , 2 ,92%,$568 ,$525 
4881,ONE SMTBLND DOG CHKN RC FRMLA,1780014937, 106 , 102 , 4 ,96%,"$2,315 ","$2,234 "
2371,ONE SMRTBLND DOG LMB RC FRMLA,1780014940, 73 , 70 , 3 ,96%,"$1,594 ","$1,536 "
356860,CAT CHOW COMPLETE 4X6.3LB,1780015012, 40 , 36 , 4 ,90%,$359 ,$323 
787569,CAT CHOW COMPLETE,1780015014, 40 , 45 ,(5),113%,$219 ,$247 
356861,CAT CHOW INDOOR 4X6.3,1780015016, 44 , 50 ,(6),114%,$395 ,$451 
489053,CAT CHOW INDOOR,1780015018, 36 , 43 ,(7),119%,$197 ,$236 
583212,KITTEN CHOW,1780015020, 36 , 41 ,(5),114%,$197 ,$225 
78391,ONE SMARTBLEND SALMON RECIPE,1780015123, 48 , 48 , 0 ,100%,$42 ,$42 
238490,DOG CHOW COMPLETE,1780015210, 71 , 71 , 0 ,100%,$849 ,$849 
184609,PURINA ONE TR INSTINCT TUR VEN,1780015452, 64 , 64 , 0 ,100%,"$1,398 ","$1,401 "
381385,ONE TRUE INSTNCT TURKY VENISON,1780015456, 96 , 92 , 4 ,96%,"$1,212 ","$1,162 "
53945,BENEFUL CHOPPED BLNDS CHICKEN,1780015496, 80 , 73 , 7 ,91%,$134 ,$122 
193995,BENEFUL CHOPPED LAMB 10OZ,1780015498, 56 , 55 , 1 ,98%,$94 ,$92 
176553,BENEFUL MEDLEY SAMPLER,1780015512, 58 , 56 , 2 ,97%,$455 ,$443 
354943,BENEFUL MEDLEYS,1780015513, 28 , 27 , 1 ,96%,$472 ,$456 
112700,ONE PAIRING CHICKEN TURKEY,1780015829, 48 , 53 ,(5),110%,$42 ,$47 
90911,ONE PAIRINGS SALMON & TROUT,1780015831, 72 , 88 ,(16),122%,$63 ,$77 
200293,BENEFUL CHPD BLENDS BEEF,1780015947, 72 , 76 ,(4),106%,$141 ,$149 
199946,BENEFUL CHPD BLENDS CHICKEN,1780015949, 96 , 97 ,(1),101%,$188 ,$190 
357055,BEYOND CAT FD SALMON BRWN RICE,1780016362, 28 , 28 , 0 ,100%,$251 ,$251 
357041,BEYOND IN GRAVY CHKN BF,1780016381, 48 , 57 ,(9),119%,$55 ,$65 
357054,BEYOND CAT FD WHTISH & EGG,1780016385, 20 , 20 , 0 ,100%,$205 ,$204 
90866,BEYOND PATE TROUT AND CATFISH,1780016389, 36 , 34 , 2 ,94%,$41 ,$39 
357062,BEYOND PATE GRN FR SLMN,1780016403, 108 , 106 , 2 ,98%,$123 ,$121 
357060,BEYOND IN GRCY TRKY SPIN,1780016407, 60 , 61 ,(1),102%,$68 ,$70 
5815,BENEFUL BAKED DELIGHTS HUGS,1780016540, 52 , 52 , 0 ,100%,$139 ,$139 
5855,BENEFUL BAKED DELIGHT SNACKERS,1780016542, 100 , 99 , 1 ,99%,$267 ,$264 
346295,ONE PUR SMRTBLND VARITY DOG FD,1780016715, 10 , 8 , 2 ,80%,$79 ,$63 
529241,PUR ONE DRY LAMB&RICE DOG FD,1780016746, 25 , 25 , 0 ,100%,"$1,075 ","$1,075 "
384082,BEYOND SIMPL ORGN CHKN PEA,1780016912, 36 , 34 , 2 ,94%,$76 ,$72 
176321,BENEFUL CHOPPED BLENDS CHICKEN,1780016960, 80 , 73 , 7 ,91%,$134 ,$122 
176307,BENEFUL CHOPPED BLENDS SALMON,1780016962, 96 , 79 , 17 ,82%,$160 ,$132 
176337,BENEFUL CHOPPED BLENDS TURKEY,1780016966, 56 , 64 ,(8),114%,$94 ,$107 
172171,BEYOND GF BEEF AND POTATO,1780017025, 72 , 63 , 9 ,88%,$141 ,$123 
381242,BEYOND CHCKN CRRT PEA GRND ENT,1780017027, 12 , 20 ,(8),167%,$29 ,$41 
205896,BEYOND GRN FR CHK EGG CAT FOOD,1780017069, 20 , 23 ,(3),115%,$205 ,$236 
676357,CAT CHOW NATURALS INDOOR,1780017156, 108 , 107 , 1 ,99%,$592 ,$588 
573413,CAT CHOW NATURALS INDOOR,1780017162, 15 , 13 , 2 ,87%,$225 ,$195 
384083,BEYOND GRNFR CHKN SWT POTATO,1780017186, 48 , 52 ,(4),108%,$94 ,$102 
478541,BENEFUL INC CHK 4X3.5,1780017203, 40 , 35 , 5 ,88%,$222 ,$194 
205790,ONE TI GRAIN FREE CHICKEN,1780017251, 24 , 22 , 2 ,92%,$524 ,$480 
205650,WHISKER LICKIN CRUNCHY TUNA,1780017260, 50 , 49 , 1 ,98%,$47 ,$46 
516262,DENTALIFE DAILY LARGE 20.7OZ,1780017413, 60 , 57 , 3 ,95%,$574 ,$512 
313982,DENTALIFE SMALL/MEDIUM 25CT,1780017418, 64 , 61 , 3 ,95%,$574 ,$547 
992864,BEYOND SML DOG CHKN BRLY,1780017618, 24 , 26 ,(2),108%,$230 ,$249 
786324,PUR ONE CHICKEN&RICE DOG FD,1780017868, 26 , 25 , 1 ,96%,"$1,117 ","$1,075 "
684123,PUR ONE HEALTHY WGHT 40LB,1780017933, 18 , 17 , 1 ,94%,$774 ,$731 
670667,PUR ONE LARGE BREED ADULT,1780017934, 32 , 30 , 2 ,94%,"$1,375 ","$1,293 "
575328,CAT CHOW NATURALS GRN FR CHKN,1780017955, 20 , 20 , 0 ,100%,$240 ,$240 
549375,KITTEN CHOW NATURALS,1780018171, 20 , 18 , 2 ,90%,$200 ,$182 
985241,BEYOND GF MSC ALASKAN COD 3OZ,1780018274, 84 , 85 ,(1),101%,$134 ,$135 
811632,DENTALIFE ACTIVFRESH LRG 7.2OZ,1780018282, 45 , 42 , 3 ,93%,$247 ,$231 
996342,BEYOND POULTRY 12CT. VP,1780018321, 12 , 8 , 4 ,67%,$168 ,$112 
943219,PURINA ONE WET CAT VIB MATURTY,1780018423, 48 , 35 , 13 ,73%,$48 ,$35 
986990,PURINA ONE WET HEALHTY KITTEN,1780018425, 96 , 100 ,(4),104%,$95 ,$99 
908829,PURINA ONE WET CAT UTH BF 30Z,1780018430, 168 , 159 , 9 ,95%,$166 ,$157 
425696,BENEFUL ORIGINALS W/BEEF 14LB,1780018440, 92 , 91 , 1 ,99%,"$1,235 ","$1,225 "
702255,BENEFUL HEALTHY WGHT CHICKEN,1780018444, 79 , 80 ,(1),101%,"$1,060 ","$1,075 "
456607,BENEFUL ORIGINALS WITH SALMON,1780018447, 30 , 34 ,(4),113%,$403 ,$457 
654286,BENEFUL ORIGINALS CHICKEN,1780018450, 47 , 45 , 2 ,96%,$631 ,$604 
992525,BENEFUL HLTHY PUPPY W/CHICKEN,1780018451, 15 , 19 ,(4),127%,$201 ,$255 
973334,BENEFUL INCREDIBITES W/BEEF,1780018456, 51 , 51 , 0 ,100%,$684 ,$686 
656721,CAT CHOW INDOOR,1780018499, 36 , 37 ,(1),103%,$503 ,$518 
781748,DOG CHOW COMPLETE ADULT CHICK,1780018548, 41 , 41 , 0 ,100%,$942 ,$943 
357069,ONE KITTEN FORMULA,1780035088, 32 , 38 ,(6),119%,$251 ,$298 
926540,PUPPY CHOW TNDR & CRNCHY 4X4.4,1780040976, 12 , 12 , 0 ,100%,$55 ,$55 
15824,DOG CHOW COMPLETE BALANCED,1780041027, 36 , 38 ,(2),106%,$163 ,$173 
315242,ONE CAT SALMON & TUNA,1780043119, 10 , 9 , 1 ,90%,$230 ,$207 
71401,ONE DOG SMLL BTS BF & RC FRML,1780046404, 60 , 57 , 3 ,95%,$473 ,$450 
348047,ONE CAT SALMON & RICE,1780047474, 44 , 48 ,(4),109%,$345 ,$378 
298216,ONE CAT SALMON & TUNA,1780047490, 60 , 51 , 9 ,85%,$689 ,$587 
315076,ONE DOG CHICKEN & RICE FORMULA,1780047568, 124 , 128 ,(4),103%,"$1,531 ","$1,586 "
357072,ONE CAT URINARY TRACT HEALTH,1780054917, 16 , 17 ,(1),106%,$125 ,$134 
298729,ONE CAT URINARY TRACT HEALTH,1780054920, 20 , 18 , 2 ,90%,$230 ,$207 
595001,PUR ONE SB HEALTHY PUPPY,1780057008, 24 , 24 , 0 ,100%,$192 ,$192 
321955,PURINA ONE HEALTHY PUPPY CHICK,1780057011, 56 , 54 , 2 ,96%,$710 ,$683 
626499,ONE CAT CHICKEN & RICE FORMULA,1780057192, 14 , 16 ,(2),114%,$322 ,$368 
315072,ONE DOG LAMB & RICE FORMULA,1780057312, 84 , 84 , 0 ,100%,"$1,037 ","$1,039 "
127409,IAMS DOG GROUND W/CHKN & RICE,1901401329, 48 , 50 ,(2),104%,$61 ,$64 
52646,IAMS DOG CHUNK BEEF/VG IN GRVY,1901402520, 144 , 143 , 1 ,99%,$184 ,$183 
173852,IAMS DOG WEIGHT CONTROL,1901461089, 28 , 29 ,(1),104%,$545 ,$567 
173525,IAMS DOG MINICHUNKS,1901461090, 48 , 47 , 1 ,98%,$935 ,$916 
159325,IAMS LARGE BREED PUPPY,1901461094, 14 , 14 , 0 ,100%,$273 ,$274 
171697,IAMS DOG LARGE BREED,1901461097, 54 , 49 , 5 ,91%,"$1,052 ",$956 
134467,IAMS ADULT HAIRBALL CARE,1901461191, 2 , 2 , 0 ,100%,$46 ,$46 
172820,IAMS DOG MATURE ADULT,1901461206, 31 , 29 , 2 ,94%,$604 ,$566 
111577,IAMS POH MATURE ADLT,1901470068, 11 , 11 , 0 ,100%,$330 ,$330 
156085,IAMS PROACTIVE MINICHUNKS,1901470071, 41 , 42 ,(1),102%,"$1,229 ","$1,263 "
155296,IAMS DOG LARGE BREED,1901470072, 33 , 33 , 0 ,100%,$989 ,$989 
297446,IAMS PUPPY LARGE BREED 30.6LB,1901470073, 20 , 18 , 2 ,90%,$600 ,$540 
87287,IAMS PUPPY ORIG BIG 15LB,1901470420, 8 , 8 , 0 ,100%,$156 ,$156 
275006,IAMS DOG WET LAMB & RICE MLTPK,1901470707, 13 , 11 , 2 ,85%,$100 ,$84 
290893,IAMS DOG MINICHUNKS,1901471108, 72 , 64 , 8 ,89%,$786 ,$700 
290915,IAMS PUPPY ORIGINAL BONUS,1901471110, 24 , 24 , 0 ,100%,$262 ,$263 
290852,IAMS DOG WEIGHT CONTROL,1901471112, 16 , 16 , 0 ,100%,$175 ,$175 
323156,IAMS HEALTHY ADULT ORIG W CHKN,1901471226, 4 , 3 , 1 ,75%,$92 ,$69 
134871,IAMS INDOOR WEIGHT/HAIRBALL,1901471229, 13 , 12 , 1 ,92%,$299 ,$276 
356849,IAMS ADULT CAT FOOD HAIRBALL,1901471238, 28 , 28 , 0 ,100%,$209 ,$209 
40580,IAMS CAT FOOD HAIRBALL CARE,1901471243, 16 , 16 , 0 ,100%,$201 ,$202 
41840,IAMS INDOOR CF WEIGHT/HAIRBALL,1901471245, 72 , 73 ,(1),101%,$905 ,$917 
356847,IAMS INDOOR CF WEIGHT/HAIRBALL,1901471246, 72 , 79 ,(7),110%,$538 ,$590 
356853,IAMS KITTEN FOOD,1901471249, 36 , 36 , 0 ,100%,$269 ,$269 
356942,IAMS HEALTHY ADULT ORIGINAL,1901471256, 40 , 42 ,(2),105%,$299 ,$314 
41277,IAMS HEALTHY ADULT ORIGINAL,1901471257, 24 , 26 ,(2),108%,$302 ,$327 
356850,IAMS LIVELY SENIOR CAT FOOD,1901471261, 20 , 18 , 2 ,90%,$149 ,$134 
384302,IAMS PAH BEEF CHICKEN,1901480085, 4 , 5 ,(1),125%,$67 ,$83 
682923,IAMS PROACTIVE HEALTH HIGH PRO,1901480217, 12 , 12 , 0 ,100%,$93 ,$93 
933107,IAMS PROACTIVE HEALTH HIGH PRO,1901480218, 8 , 6 , 2 ,75%,$108 ,$81 
927218,IAMS PP PATE TUNA,1901480231, 72 , 67 , 5 ,93%,$67 ,$62 
641574,IAMS PP PATE SALMON,1901480232, 240 , 236 , 4 ,98%,$223 ,$223 
656783,IAMS PP PATE CHICKEN KITTEN,1901480233, 168 , 148 , 20 ,88%,$156 ,$138 
779840,IAMS PP CHICK & TUNA TWIN PACK,1901480236, 22 , 21 , 1 ,95%,$242 ,$231 
465326,IAMS PP ADLT CKN CUTS IN GRAVY,1901480261, 96 , 70 , 26 ,73%,$89 ,$65 
875857,IAMS PP INDR SMN CUTS IN GRAVY,1901480264, 120 , 49 , 71 ,41%,$112 ,$46 
821879,IAMS LAMB AND RICE,1901480331, 23 , 23 , 0 ,100%,$448 ,$448 
637417,IAMS LAMB AND RICE,1901480334, 10 , 9 , 1 ,90%,$300 ,$270 
956642,IAMS SMALL/TOY BREED,1901480344, 48 , 45 , 3 ,94%,$524 ,$493 
888170,IAMS DRY CAT ADLT SLMN TN 3.5L,1901480411, 24 , 21 , 3 ,88%,$186 ,$163 
566923,IAMS ADLT SLMN & TN 7LB,1901480412, 8 , 6 , 2 ,75%,$108 ,$81 
483668,IAMS DRY CAT SNSTV DGSTN 3LB,1901480510, 12 , 11 , 1 ,92%,$93 ,$85 
695864,IAMS DRY CAT SNSTV DGSTN 6LB,1901480511, 16 , 14 , 2 ,88%,$215 ,$188 
137484,TEMPTATIONS CREAMY DAIRY FLAV,2310000072, 30 , 26 , 4 ,87%,$126 ,$82 
89879,TEMPTATIONS BLISSFUL CATNIP FL,2310000099, 84 , 77 , 7 ,92%,$126 ,$116 
88828,TEMPTATIONS MIX UPS BACKYARD,2310000157, 24 , 29 ,(5),121%,$36 ,$44 
87450,TEMPTATIONS MIX UPS SURFERS DL,2310000158, 36 , 34 , 2 ,94%,$54 ,$51 
203518,PEDIGREE GROUND W/CHOPPED BEEF,2310001004, 72 , 68 , 4 ,94%,$60 ,$58 
191244,PEDIGREE GROUND W/BF/CHSD,2310001017, 72 , 69 , 3 ,96%,$60 ,$58 
12936,PEDIGREE GROUND W/BF/BCN/CHS,2310001018, 36 , 55 ,(19),153%,$48 ,$74 
170374,PED. TGD W CHP CKN SING,2310001076, 60 , 68 ,(8),113%,$80 ,$91 
12939,PEDIGREE COMBO W/CHKN-BF-LIVER,2310001078, 48 , 47 , 1 ,98%,$64 ,$63 
195608,PEDIGREE GROUND W/TURKEY/BACON,2310001108, 72 , 71 , 1 ,99%,$60 ,$60 
194579,PEDIGREE PPY GRAND W/CHKN/BEEF,2310001301, 0 , 8 ,(8),N/A,$0 ,$7 
42614,CESAR W/BEEF,2310001401, 0 , 22 ,(22),N/A,$0 ,$17 
9676,CESAR SELECT W/TURKEY,2310001407, 72 , 89 ,(17),124%,$56 ,$69 
742908,CESAR W/CHICKEN & VEAL,2310001411, 96 , 72 , 24 ,75%,$75 ,$56 
210095,PEDIGREE CHOICE CUTS W/BEEF,2310001527, 168 , 158 , 10 ,94%,$141 ,$133 
986760,PEDIGREE CHOICE CUTS W/BEEF,2310001530, 48 , 46 , 2 ,96%,$64 ,$62 
492371,PEDIGREE PUPPY CMPLT NUTRITION,2310001538, 33 , 33 , 0 ,100%,$447 ,$451 
13791,CESAR FILET MIGNON FLAVOR,2310001779, 120 , 144 ,(24),120%,$94 ,$113 
206562,PEDIGREE GROUND W/CHICKEN/RICE,2310001907, 120 , 115 , 5 ,96%,$101 ,$98 
312794,PEDIGREE DENTASTIX LRG SM BOX,2310002347, 14 , 11 , 3 ,79%,$49 ,$38 
15370,CESAR PORTERHOUSE STEAK FLAVOR,2310002451, 96 , 101 ,(5),105%,$75 ,$79 
54920,CESAR GRILLED CHICKEN FLAVOR,2310002452, 240 , 220 , 20 ,92%,$187 ,$172 
86138,CESAR PUPPY W/CHICKEN & BEEF,2310002607, 120 , 113 , 7 ,94%,$94 ,$88 
601919,PDGR CHPD CK/BF & BF/BC 12CT,2310003320, 33 , 31 , 2 ,94%,$321 ,$302 
36126,PEDIGREE BEEF VARIETY 12PK CAN,2310003321, 40 , 41 ,(1),103%,$390 ,$400 
11649,CESAR TOP SIRLOIN FLAVOR,2310005672, 96 , 70 , 26 ,73%,$75 ,$55 
72444,TEMPTATIONS HAIRBLL CONTRL CHK,2310008541, 60 , 59 , 1 ,98%,$90 ,$89 
236992,TEMPTATIONS MIX UPS CATNIP FEV,2310010155, 36 , 39 ,(3),108%,$54 ,$59 
312799,PEDIGREE DENTASTIX MIN MED BOX,2310010224, 24 , 21 , 3 ,88%,$174 ,$152 
170379,CESAR 4 FLVR VARIETY CUBE,2310010257, 23 , 23 , 0 ,100%,$425 ,$425 
171102,CESAR SAVRY DELGHTS FM BCN&PT,2310010266, 72 , 82 ,(10),114%,$56 ,$64 
172537,CESAR SAVORY DEL RT CHKN FLV,2310010269, 168 , 181 ,(13),108%,$131 ,$141 
173265,CESAR SAVORY DLGHTS HM&EGG,2310010270, 144 , 151 ,(7),105%,$112 ,$118 
115743,PEDIGREE LARGE BREED,2310010281, 30 , 28 , 2 ,93%,$406 ,$380 
312798,PEDIGREE DENTASTIX BEEF SM BOX,2310010306, 21 , 17 , 4 ,81%,$73 ,$59 
312796,PEDIGREE DENTASTIX FRESH MED S,2310010310, 28 , 28 , 0 ,100%,$97 ,$97 
312806,PEDIGREE DENTASTIX FRESH LARGE,2310010312, 56 , 55 , 1 ,98%,$587 ,$577 
231384,CESAR SOFTIES FILET MIGNON FLA,2310010327, 48 , 47 , 1 ,98%,$172 ,$168 
231379,CESAR SOFTIES MEDLEY TRIO,2310010329, 48 , 50 ,(2),104%,$172 ,$179 
157162,PEDIGREE ADLT CMPLT RSTD CKHN,2310010339, 39 , 36 , 3 ,92%,$528 ,$487 
113654,PEDIGREE SMALL BREED NUTRITION,2310010364, 48 , 45 , 3 ,94%,$236 ,$221 
113656,PEDIGREE PUPPY COMPLETE NUTRIT,2310010365, 20 , 21 ,(1),105%,$98 ,$103 
112071,TEMPTATIONS MIX UPS SURFERS DL,2310010396, 50 , 51 ,(1),102%,$157 ,$160 
97913,TEMPTATIONS MIX UPS BACKYARD,2310010397, 90 , 79 , 11 ,88%,$283 ,$248 
170237,CESAR SD ANGUS BEEF SINGLE,2310010515, 96 , 93 , 3 ,97%,$75 ,$73 
325574,TEMPTATIONS TEMPTING TUNA FLAV,2310010517, 20 , 16 , 4 ,80%,$63 ,$50 
97911,TEMPTATIONS MIX UPS CATNIP FEV,2310010648, 50 , 51 ,(1),102%,$157 ,$160 
260826,CESAR BREAKFAST & DINNER MEALS,2310010652, 12 , 12 , 0 ,100%,$111 ,$111 
275050,PEDIGREE ADULT COMPLETE,2310010736, 56 , 53 , 3 ,95%,"$1,287 ","$1,219 "
267883,TEMPTATIONS TASTY CHICKEN FLAV,2310010755, 28 , 33 ,(5),118%,$231 ,$272 
169951,CSR HM DLGHTS BF STEW,2310010831, 96 , 102 ,(6),106%,$75 ,$80 
169949,CSR HM DLGHTS TRKY&POT,2310010832, 120 , 103 , 17 ,86%,$94 ,$80 
169919,CSR HM DLGHTS CHK&VEG,2310010835, 168 , 137 , 31 ,82%,$131 ,$107 
169893,CSR HM DLGHTS POT RST,2310010836, 72 , 77 ,(5),107%,$56 ,$60 
169315,CSR HM DLGHTS BF/CN SNGL,2310010881, 6 , 5 , 1 ,83%,$56 ,$46 
97897,TEMPTATIONS MIX UPS SURFERS DL,2310010925, 56 , 56 , 0 ,100%,$461 ,$462 
97894,TEMPTATIONS MIX UPS BACKYARD,2310010926, 24 , 26 ,(2),108%,$198 ,$214 
165963,SHEBA PERF PORT SINGLE SEAFOOD,2310011019, 192 , 211 ,(19),110%,$123 ,$135 
165966,SHEBA PERF PORT SINGLE CHICKEN,2310011020, 192 , 212 ,(20),110%,$123 ,$136 
166199,SHEBA PERF PORT SINGLE SALMON,2310011021, 168 , 172 ,(4),102%,$108 ,$110 
166153,SHEBA PERF PORT SINGL CKN-LIVR,2310011022, 144 , 149 ,(5),103%,$92 ,$95 
166145,SHEBA PERF PORT SINGL CKN&TUNA,2310011023, 192 , 195 ,(3),102%,$123 ,$125 
166219,SHEBA PERF PORT SINGL WTFH&TUN,2310011024, 144 , 133 , 11 ,92%,$92 ,$85 
166206,SHEBA PERF PORT SINGLE BEEF,2310011025, 120 , 135 ,(15),113%,$77 ,$87 
12386,SHEBA PP MK CHICKEN TURKEY,2310011027, 22 , 22 , 0 ,100%,$191 ,$192 
370191,SHEBA PP 12CT PATE SEAFO MULI,2310011028, 48 , 49 ,(1),102%,$427 ,$439 
63753,PED SMALL BREED STEAK & VEGGIE,2310011034, 64 , 62 , 2 ,97%,$315 ,$305 
65617,PED SMALL BREED STK & VEG,2310011035, 59 , 57 , 2 ,97%,$799 ,$776 
325591,TEMPTATIONS SAVORY SALMON FLAV,2310011079, 20 , 17 , 3 ,85%,$165 ,$140 
325582,TEMPTATIONS CREAMY DAIRY FLAV,2310011080, 20 , 18 , 2 ,90%,$198 ,$149 
331933,TEMPTATIONS MIX UPS CATNIP FEV,2310011081, 60 , 59 , 1 ,98%,$494 ,$486 
192000,PED TGD FLT MGN SINGLE,2310011116, 144 , 137 , 7 ,95%,$112 ,$107 
319666,PEDIGREE ADULT STEAK/VEG BONUS,2310011131, 91 , 91 , 0 ,100%,"$1,232 ","$1,233 "
735320,PEDIGREE CHPD FLT MG & BF 12CT,2310011215, 15 , 18 ,(3),120%,$146 ,$175 
111951,SHEBA PP TUNA CUTS,2310011415, 240 , 250 ,(10),104%,$154 ,$160 
336525,SHEBA PP ROASTED CHICKEN,2310011416, 216 , 218 ,(2),101%,$138 ,$140 
111804,SHEBA PP TURKEY CUTS,2310011417, 216 , 238 ,(22),110%,$138 ,$153 
336538,SHEBA PP GOURMET SALMON,2310011418, 264 , 264 , 0 ,100%,$169 ,$169 
112110,SHEBA PP WHITEFISH & TUNA CUTS,2310011420, 144 , 154 ,(10),107%,$92 ,$99 
354723,CESAR HD MIXED 24PK,2310011437, 15 , 16 ,(1),107%,$277 ,$296 
336498,SHEBA PRFT PORTIONS MULTI,2310011516, 28 , 24 , 4 ,86%,$248 ,$213 
354710,CESAR DRY FLT MIGN VEG 2.7LB,2310011624, 40 , 40 , 0 ,100%,$220 ,$220 
325604,TEMPTATIONS TEMPTING TUNA FLAV,2310011642, 20 , 19 , 1 ,95%,$165 ,$157 
325571,TEMPTATIONS BLISSFUL CATNIP FL,2310011643, 40 , 40 , 0 ,100%,$126 ,$126 
946363,TEMPTATIONS TASTY CHICKEN 30OZ,2310011718, 12 , 11 , 1 ,92%,$182 ,$167 
994621,TEMPTATIONS SEAFOOD MEDLEY30OZ,2310011719, 16 , 16 , 0 ,100%,$243 ,$243 
323168,SHEBA MEATY STICKS CHICKEN,2310011781, 70 , 72 ,(2),103%,$105 ,$108 
323166,SHEBA MEATY STICKS SALMON,2310011782, 60 , 63 ,(3),105%,$90 ,$95 
358219,PED PCH MEATY GROUND CHICKEN,2310011801, 224 , 217 , 7 ,97%,$121 ,$117 
354785,PED PCH BEEF BCN CHS 1CT,2310011802, 96 , 104 ,(8),108%,$52 ,$56 
354761,PEDIGREE CHOICE CUTS VP,2310011813, 20 , 19 , 1 ,95%,$86 ,$81 
354765,PEDIGREE GRND DIN PCH VP,2310011816, 30 , 32 ,(2),107%,$128 ,$138 
111752,SHEBA PP SALMON & SHRIMP CUTS,2310011831, 192 , 172 , 20 ,90%,$123 ,$110 
832494,SHEBA PP TUNA SHRIMP CUTS,2310011832, 264 , 242 , 22 ,92%,$169 ,$155 
111661,SHEBA PP CHKN TRKY CUTS,2310011833, 42 , 39 , 3 ,93%,$370 ,$345 
111636,SHEBA PP CHKN TUNA,2310011834, 32 , 32 , 0 ,100%,$279 ,$278 
355117,PEDIGREE POUCH VP CHK BF CASS,2310011837, 60 , 59 , 1 ,98%,$532 ,$524 
354794,PED PCH FILET MGN GRVY,2310011900, 144 , 138 , 6 ,96%,$78 ,$75 
579505,CESAR GLZD HAM FLVR DCD POTATO,2310011998, 96 , 73 , 23 ,76%,$75 ,$57 
111294,CESAR LE BRAISED RIB FLAVOR,2310011999, 96 , 98 ,(2),102%,$75 ,$77 
354720,CESAR CLASSICS MIXED 36CT,2310012177, 9 , 8 , 1 ,89%,$247 ,$220 
524344,CRAVE PP REAL CHICKEN,2310012301, 24 , 28 ,(4),117%,$26 ,$31 
794265,CRAVE PP REAL SALMON,2310012302, 72 , 77 ,(5),107%,$78 ,$84 
585955,CRAVE PP TURKEY & SALMON,2310012308, 10 , 9 , 1 ,90%,$130 ,$117 
858686,CRAVE DRY CAT CHICKEN ADULT,2310012337, 9 , 3 , 6 ,33%,$117 ,$39 
882153,CRAVE DRY CAT SLMN OCN FISH,2310012339, 9 , 1 , 8 ,11%,$117 ,$13 
729065,PEDIGREE HIGH PROT BEEF & LAMB,2310013506, 12 , 0 , 12 ,0%,$15 ,$0 
828060,PEDIGREE HIGH PROT VARIETY PK,2310013507, 2 , 0 , 2 ,0%,$30 ,$0 
170232,CESAR GFIS PRIME RIB SINGLE,2310023529, 144 , 128 , 16 ,89%,$112 ,$100 
48794,CESAR NW YK STRIP/FLT MGN 12PK,2310023537, 18 , 20 ,(2),111%,$167 ,$185 
312792,PEDIGREE DENTASTIX MINI SM BOX,2310027789, 28 , 25 , 3 ,89%,$97 ,$87 
123840,PEDIGREE SMALL BREED CHICKEN,2310029161, 11 , 14 ,(3),127%,$149 ,$190 
95921,TEMPTATIONS TEMPTING TUNA FLAV,2310032784, 48 , 41 , 7 ,85%,$72 ,$62 
55791,CESAR SUNRISE STEAK & EGG FLVR,2310033581, 192 , 183 , 9 ,95%,$150 ,$144 
312804,PEDIGREE DENTASTIX MED MED BOX,2310039606, 24 , 27 ,(3),113%,$174 ,$195 
54941,CESAR FIL MIG/PORHSE VAR 12 PK,2310070295, 48 , 52 ,(4),108%,$444 ,$484 
55220,CESAR TOP SIR & CHKN VAR 12 PK,2310070296, 14 , 13 , 1 ,93%,$130 ,$120 
297746,PETMATE JUMBO CAT LITER SCOOP,2969529112, 48 , 51 ,(3),106%,$79 ,$84 
968146,NUDGES JERKY CUTS W/CHKN 16OZ,3140005263, 44 , 39 , 5 ,89%,$507 ,$450 
738462,NUDGES GRILLERS W/STEAK 16OZ,3140006303, 30 , 33 ,(3),110%,$366 ,$399 
448302,NUDGES HOME STYLE 10OZ,3140006941, 42 , 38 , 4 ,90%,$302 ,$274 
365774,HARTZ DELCTBLES STW TNA&WT FSH,3270011054, 264 , 258 , 6 ,98%,$248 ,$242 
365773,HARTZ DELCTBLES STW SR CHK&TNA,3270011055, 144 , 165 ,(21),115%,$135 ,$155 
320360,DELECTABLES BISQUE TUNA & CHK,3270011056, 336 , 340 ,(4),101%,$316 ,$320 
205507,HARTZ DELECTABLES BISQUE TUNA,3270011057, 24 , 23 , 1 ,96%,$23 ,$22 
0,HARTZ NODOR LITTER SPRAY,3270011443, 5 , 9 ,(4),180%,$16 ,$29 
301639,HP ODR ELMNTG PADS LAVNDR,3270014838, 12 , 9 , 3 ,75%,$153 ,$115 
302813,HP ODR ELMNTG PADS LAVNDR,3270014840, 8 , 7 , 1 ,88%,$180 ,$157 
0,HARTZ KITTEN MILK REPLACER,3270015632, 1 , 1 , 0 ,100%,$10 ,$10 
241281,A&H ULTRA LAST CAT LITTER,3320002203, 14 , 15 ,(1),107%,$117 ,$126 
262608,ARM & HAM CLUMP & SEAL MC LTR,3320002204, 36 , 38 ,(2),106%,$383 ,$408 
63531,A&H MULTI-CAT CLUMPING LITTER,3320002206, 88 , 87 , 1 ,99%,$701 ,$694 
57545,A&H MULTICAT UNSCNTD CAT LTR,3320002207, 46 , 44 , 2 ,96%,$385 ,$369 
262587,ARM & HAM CLUMP & SEAL MC LTR,3320002292, 33 , 36 ,(3),109%,$491 ,$536 
263994,A&H DOUBLE DUTY CAT LITTER,3320002297, 16 , 16 , 0 ,100%,$170 ,$170 
620867,A&H MULTI CAT SCOOP 40LB,3320002406, 20 , 20 , 0 ,100%,$296 ,$296 
241280,A&H DOUBLE DUTY CAT LITTER,3320002408, 27 , 27 , 0 ,100%,$399 ,$400 
683730,ARM & HAMMER LITTER DEODORIZER,3320015020, 120 , 119 , 1 ,99%,$258 ,$256 
23929,AH CLMP SEAL LT WGT MULTI CAT,3320094187, 42 , 43 ,(1),102%,$493 ,$505 
315148,A&H C&S MICROGUARD CAT LITTER,3320094192, 39 , 39 , 0 ,100%,$337 ,$338 
230976,ARM&HAMR LITTR SPRAY,3320097302, 16 , 17 ,(1),106%,$56 ,$59 
353151,A&H SLIDE CLMPNG LTTR MULTI,3320097354, 48 , 50 ,(2),104%,$444 ,$463 
353152,A&H SLIDE CLMPNG LTTR MULTI,3320097357, 72 , 71 , 1 ,99%,$863 ,$846 
353153,A&H SLIDE CLMPNG LTTR MULTI,3320097360, 51 , 51 , 0 ,100%,$864 ,$866 
171613,BEGGIN STRIPS BACON,3810001617, 33 , 32 , 1 ,97%,$313 ,$304 
101174,BUSY BONE SMALL/MEDIUM,3810003295, 54 , 56 ,(2),104%,$144 ,$151 
171615,BEGGIN STRIPS BACON & CHEESE,3810011144, 31 , 39 ,(8),126%,$294 ,$370 
21630,BUSY BONE MINI,3810012891, 52 , 49 , 3 ,94%,$138 ,$131 
133985,BUSY BONE SMALL/MEDIUM,3810013038, 60 , 57 , 3 ,95%,$419 ,$399 
536849,BEGGIN STRIPS BACON 48OZ,3810014231, 2 , 2 , 0 ,100%,$34 ,$34 
313949,BEGGIN LITTLES BCN AND CHEESE,3810017120, 60 , 64 ,(4),107%,$170 ,$182 
359088,BUSY BEGGIN TWISTD SM&MED,3810017255, 32 , 32 , 0 ,100%,$424 ,$425 
313970,BUSY CHEW BEGGIN TWISTED 2PK,3810017391, 48 , 50 ,(2),104%,$128 ,$134 
313968,BEGGIN LITTLES BACON,3810017395, 12 , 14 ,(2),117%,$114 ,$133 
145987,BUSY TWISTD SMALL MEDIUM,3810017397, 88 , 89 ,(1),101%,$615 ,$622 
949620,BB BEGGIN TWIST TINY 10PK,3810017647, 72 , 73 ,(1),101%,$251 ,$255 
266270,MOIST & MEATY BURGR W/CHZ 36CT,3810033048, 21 , 19 , 2 ,90%,$292 ,$265 
37023,BEGGIN STRIPS BACON,3810049621, 78 , 77 , 1 ,99%,$222 ,$219 
278133,HEB TEXAS SPORTING DOG FORMULA,4122000786, 54 , 55 ,(1),102%,$539 ,$549 
596619,HCF DOG CAN CHOPPED BEEF,4122000862, 36 , 42 ,(6),117%,$21 ,$24 
596528,HCF DOG CAN BEEF CUTS,4122000863, 36 , 33 , 3 ,92%,$21 ,$19 
596478,HCF DOG CAN PUPPY FOOD,4122000866, 36 , 32 , 4 ,89%,$21 ,$19 
334697,HR PUPPY SAMPLE,4122000894, 90 , 80 , 10 ,89%,$135 ,$120 
309804,HEB HR GRANDMAS BEEF CASSEROLE,4122001218, 96 , 61 , 35 ,64%,$53 ,$34 
309805,HEB HR CHICKEN CROCKPOT,4122001219, 168 , 128 , 40 ,76%,$92 ,$71 
334646,HR DRY CAT GF SALMON&CHICK PEA,4122001223, 96 , 87 , 9 ,91%,$144 ,$131 
334695,HR DRY CAT GF CHICKEN&CHIC PEA,4122001224, 66 , 65 , 1 ,98%,$99 ,$98 
334655,HR DRY CAT GRAIN FREE KITTEN,4122001225, 36 , 36 , 0 ,100%,$54 ,$54 
841391,HCF DRY CAT ORIGINAL,4122001364, 16 , 5 , 11 ,31%,$40 ,$12 
790373,HCF DRY CAT ORIGINAL,4122001365, 12 , 8 , 4 ,67%,$59 ,$39 
307617,HCF CAT POUCH SEAFD VARIETY PK,4122002013, 58 , 57 , 1 ,98%,$249 ,$246 
307618,HCF CAT POUCH POLTRY VRIETY PK,4122002014, 62 , 58 , 4 ,94%,$266 ,$248 
307614,HCF CAT CAN SEAFOOD VP 24/3OZ,4122002015, 13 , 12 , 1 ,92%,$143 ,$132 
129659,HCF CAT CAN POULTRY VP 24/3OZ,4122002016, 5 , 5 , 0 ,100%,$55 ,$55 
307612,HCF CAT CAN SEAFOOD VP 24/5.5Z,4122002017, 3 , 3 , 0 ,100%,$28 ,$28 
307610,HCF CAT CAN POULTRY VP 24/5.5Z,4122002018, 2 , 2 , 0 ,100%,$19 ,$19 
307609,HCF CAT CAN TURKEY & GIBLETS,4122002019, 60 , 63 ,(3),105%,$41 ,$43 
307608,HCF CAT FOOD CAN SALMON,4122002020, 96 , 95 , 1 ,99%,$65 ,$65 
307607,HCF CAT FOOD CAN - MIXED GRILL,4122002021, 36 , 36 , 0 ,100%,$24 ,$24 
311737,HEB TEXAS PETS MINI BURGER,4122004115, 24 , 39 ,(15),163%,$164 ,$267 
311739,HEB TEXAS PETS SUMMER SAUSAGE,4122004117, 66 , 71 ,(5),108%,$452 ,$487 
313128,HEB CHICKEN JERKY TREATS 24OZ,4122004300, 354 , 259 , 95 ,73%,"$5,306 ","$3,884 "
307322,HCF CAT CAN WHITEFISH & TUNA,4122005158, 24 , 51 ,(27),213%,$11 ,$23 
287078,HCF CAT CAN SALMON,4122005160, 48 , 68 ,(20),142%,$22 ,$31 
280669,HCF CAT CAN COD COLE & SHRIMP,4122005162, 72 , 46 , 26 ,64%,$32 ,$21 
284083,HCF CAT CAN LIVER & CHICKEN,4122005164, 72 , 43 , 29 ,60%,$32 ,$19 
280594,HCF DOG CAN BEEF,4122005170, 24 , 0 , 24 ,0%,$12 ,$0 
694076,HEB DRY CAT KITTEN FORMULA,4122005224, 16 , 18 ,(2),113%,$52 ,$59 
560194,HEB DRY CAT KITTEN FORMULA,4122005225, 24 , 28 ,(4),117%,$144 ,$168 
22263,HEB PUDDLE BUSTERS,4122005255, 116 , 115 , 1 ,99%,$985 ,$978 
496831,HEB DRY CAT GULF COAST MORSELS,4122006096, 17 , 17 , 0 ,100%,$119 ,$119 
294418,HR DRY CAT GF CHICKEN&CHIC PEA,4122006351, 10 , 11 ,(1),110%,$180 ,$198 
353739,HEB PUDDLE BUSTER LAVENDER,4122007808, 140 , 80 , 60 ,57%,"$1,189 ",$679 
335493,HEB PUDDLE BUSTERS JUMBO,4122008240, 64 , 63 , 1 ,98%,"$1,216 ","$1,198 "
195216,HERITAGE RANCH APPLE DOG SNCKS,4122010286, 104 , 75 , 29 ,72%,$362 ,$261 
13585,HCF DOG POUCH BF/CK/TK VP,4122010297, 32 , 33 ,(1),103%,$182 ,$188 
3602,HR GRAIN FREE CHICKEN DRY DOG,4122010455, 40 , 38 , 2 ,95%,$399 ,$379 
351116,HEB SMOKED PORK DRY DOG FOOD,4122011098, 36 , 38 ,(2),106%,$359 ,$380 
377178,HEB BACON&CHSE DRY DOG FOOD,4122011108, 29 , 29 , 0 ,100%,$289 ,$285 
356803,HR DENTAL STKS APL GRN TEA,4122014299, 54 , 54 , 0 ,100%,$161 ,$162 
356804,HR DENTAL STKS PEPPERMNT PRSLY,4122014300, 72 , 72 , 0 ,100%,$215 ,$215 
356805,HR DENTAL STKS APPL GRN TEA,4122014301, 72 , 69 , 3 ,96%,$503 ,$482 
356807,HR DENTAL STK PEPPERMNT PRSLY,4122014302, 80 , 79 , 1 ,99%,$559 ,$553 
278235,HEB HEALTHY BITES WGHT MGMT,4122017053, 22 , 20 , 2 ,91%,$219 ,$199 
278138,HEB SENIOR FORMULA,4122017356, 8 , 9 ,(1),113%,$80 ,$90 
334664,HR DRY DOG CHICKEN SAMPLE,4122017881, 138 , 136 , 2 ,99%,$207 ,$204 
334648,HR DRY DOG GF CHICKEN SAMPLE,4122018074, 108 , 99 , 9 ,92%,$162 ,$149 
20470,HEB PUDDLE BUSTERS,4122018149, 108 , 83 , 25 ,77%,"$1,673 ","$1,289 "
762314,HEB DRY CAT INDOOR FORMULA,4122018365, 48 , 46 , 2 ,96%,$157 ,$151 
579281,HEB SMALL BITES 8LB,4122018658, 38 , 38 , 0 ,100%,$208 ,$209 
275608,HEB TEXAS BBQ MORSELS,4122018834, 2 , 1 , 1 ,50%,$22 ,$11 
275604,HEB CAT FOOD ADULT COMPLETE,4122019016, 18 , 17 , 1 ,94%,$180 ,$170 
370226,HR JUMBO BISCUITS PUMPKIN CIN,4122020980, 90 , 94 ,(4),104%,$90 ,$94 
370229,HR JMBO BISCT GINGERBREAD,4122020983, 90 , 86 , 4 ,96%,$90 ,$86 
22685,HCF CAT POUCH WHITEFISH & TUNA,4122024527, 0 , 1 ,(1),N/A,$0 ,$0 
20322,HCF CAT POUCH STEAK & SHRIMP,4122024529, 120 , 95 , 25 ,79%,$44 ,$35 
159374,HCF DOG POUCH FILET MIGNON,4122024542, 48 , 44 , 4 ,92%,$24 ,$22 
159355,HCF DOG CAN BF/CK GVP 12/13.2,4122024543, 15 , 15 , 0 ,100%,$106 ,$106 
456684,HEB DRY CAT 4 FLAVOR MORSEL,4122024560, 24 , 22 , 2 ,92%,$79 ,$72 
380876,HR CHICKEN & BRN RICE DRY DOG,4122024726, 41 , 38 , 3 ,93%,"$1,845 ","$1,711 "
380879,HR GF BEEF & CHICKPEA DRY DOG,4122024754, 61 , 59 , 2 ,97%,"$1,091 ","$1,057 "
380885,HR GF BEEF & CHICKPEA DRY DOG,4122024759, 20 , 18 , 2 ,90%,$760 ,$685 
380888,HR GF BEEF & CHICKPEA DRY DOG,4122024768, 13 , 10 , 3 ,77%,$624 ,$481 
380890,HR GF BEEF & CHICKPEA DRY DOG,4122024773, 16 , 20 ,(4),125%,$160 ,$200 
380892,HR LAMB & BRN RICE DRY DOG,4122024792, 15 , 15 , 0 ,100%,$675 ,$676 
380895,HR PUPPY FOOD DRY DOG,4122024806, 56 , 53 , 3 ,95%,"$1,001 ",$949 
906533,HEB DRY CAT ADULT COMPLETE,4122024887, 12 , 14 ,(2),117%,$84 ,$98 
5948,HR HEALTHY WGHT TURKEY DRY DOG,4122025118, 56 , 54 , 2 ,96%,$436 ,$420 
1777,HR GRAIN FREE CHICKEN DRY DOG,4122025163, 67 , 63 , 4 ,94%,"$1,198 ","$1,127 "
2139,HR GRAIN FREE CHICKEN DRY DOG,4122025368, 44 , 41 , 3 ,93%,"$1,671 ","$1,557 "
4707,HR GRAIN FREE SALMON DRY DOG,4122025485, 52 , 49 , 3 ,94%,$519 ,$490 
389425,HEB CHICKEN & WAFFLE FLAVOR,4122029458, 48 , 45 , 3 ,94%,$215 ,$202 
9285,HR RB CKN&BRN RC DRY DOG FD,4122029879, 113 , 115 ,(2),102%,"$2,020 ","$2,062 "
4845,HR GRAIN FREE SALMON DRY DOG,4122030815, 60 , 54 , 6 ,90%,"$2,339 ","$2,106 "
359298,HCF CHOPPED BURGER,4122033186, 28 , 28 , 0 ,100%,$103 ,$103 
355615,HCF CHOPPED BURGER WITH CHEESE,4122033187, 20 , 18 , 2 ,90%,$73 ,$66 
538368,HEB BBQ BRISKET FLAVOUR STRIP,4122037915, 66 , 65 , 1 ,98%,$296 ,$291 
10893,HR RB LAMB&BRN RC DRY DOG,4122039535, 40 , 41 ,(1),103%,$359 ,$368 
583747,HERITAGE RANCH BY HEB MOBILITY,4122055629, 48 , 52 ,(4),108%,$288 ,$312 
929985,HERITAGE RANCH BY HEB COGNITIV,4122055632, 48 , 46 , 2 ,96%,$288 ,$276 
480778,HERITAGE RANCH BY HEB ANTIOXID,4122055634, 24 , 25 ,(1),104%,$144 ,$150 
617638,HEB ODOR CNTRL UNS 20 LB BAG,4122057561, 74 , 74 , 0 ,100%,$365 ,$365 
278231,HEB TEXAS BBQ BRISKET DRY DOG,4122058664, 28 , 29 ,(1),104%,$517 ,$536 
802875,HCF NON-CLUMPING UNSCENTED,4122060122, 64 , 54 , 10 ,84%,$95 ,$80 
439506,HEB CLMPNG LTTR LTWGHT SCNTD,4122060905, 40 , 40 , 0 ,100%,$396 ,$397 
607574,HEB CLMPNG LTTR MLTI CAT SCNTD,4122060908, 13 , 12 , 1 ,92%,$58 ,$54 
703208,HEB CLMPNG LTTR MLTI CAT SCNTD,4122060911, 21 , 20 , 1 ,95%,$152 ,$141 
834435,HEB CLMPNG LTTR MLTI CAT SCNTD,4122060912, 15 , 14 , 1 ,93%,$184 ,$172 
943108,HEB CLMPNG LTTR ODR CNTRL SCNT,4122060913, 117 , 116 , 1 ,99%,$613 ,$610 
929606,HEB CLMPNG LTTR ODR CNTRL SCNT,4122060914, 160 , 157 , 3 ,98%,"$1,158 ","$1,140 "
734106,HEB CLMPNG LTTR ODR CNTRL SCNT,4122060915, 28 , 26 , 2 ,93%,$349 ,$325 
661350,HEB CLMPNG LTTR ODR CNTRL UNSC,4122060917, 66 , 64 , 2 ,97%,$348 ,$338 
581208,HEB CLMPNG LTTR ODR CNTRL UNSC,4122060918, 190 , 196 ,(6),103%,"$1,326 ","$1,371 "
991517,HEB CLMPNG LTTR ODR CNTRL UNSC,4122060920, 33 , 29 , 4 ,88%,$395 ,$347 
980771,HCF CAT CAN CHICKEN,4122063405, 24 , 29 ,(5),121%,$10 ,$12 
980953,HCF CAT CAN OCN WHTFSH & TUNA,4122063406, 72 , 82 ,(10),114%,$29 ,$33 
980888,HCF CAT CAN LIVER & BACON,4122063408, 48 , 65 ,(17),135%,$19 ,$26 
981613,HCF CAT CAN TURKEY & GIBLETS,4122063409, 48 , 38 , 10 ,79%,$19 ,$15 
981043,HCF CAT CAN SALMON,4122063416, 96 , 104 ,(8),108%,$38 ,$42 
980904,HCF CAT CAN MARINERS CATCH,4122063417, 48 , 20 , 28 ,42%,$19 ,$8 
278229,HEB TEXAS BBQ BRISKET DRY DOG,4122064671, 62 , 59 , 3 ,95%,$619 ,$589 
70232,HCF DOG POUCH CTST/FLM/L&R VP,4122064915, 18 , 19 ,(1),106%,$102 ,$108 
70167,HCF DOG CAN CK/L&R - 12/13.2,4122064916, 11 , 11 , 0 ,100%,$77 ,$77 
278134,HEB SMALL BITES,4122065923, 22 , 20 , 2 ,91%,$198 ,$180 
235310,HEB ADULT DRY DOG FOOD 50LB,4122066156, 89 , 83 , 6 ,93%,"$1,769 ","$1,655 "
278230,HEB HEALTHY BITES ORIGINAL,4122066192, 21 , 20 , 1 ,95%,$209 ,$199 
67775,HCF CAT POUCH CHICKEN & GRAVY,4122067509, 120 , 125 ,(5),104%,$44 ,$46 
67781,HCF CAT POUCH TURKEY & GIBLETS,4122067510, 96 , 85 , 11 ,89%,$36 ,$31 
67783,HCF CAT POUCH TUNA,4122067512, 120 , 132 ,(12),110%,$44 ,$49 
67762,HCF DOG POUCH BEEF & GRAVY,4122067517, 24 , 26 ,(2),108%,$12 ,$13 
67766,HCF DOG POUCH TURKEY & GRAVY,4122067519, 24 , 43 ,(19),179%,$12 ,$22 
60570,HCF DOG CAN TURKEY & BACON,4122067521, 36 , 29 , 7 ,81%,$21 ,$17 
60528,HCF DOG CAN LAMB & RICE,4122067527, 48 , 51 ,(3),106%,$28 ,$30 
60523,HCF DOG CAN CK/BEEF/LIVER,4122067528, 36 , 39 ,(3),108%,$35 ,$38 
72449,HCF CHOPPED BURGER,4122067650, 5 , 5 , 0 ,100%,$54 ,$54 
72450,HCF CHOPPED BURGER WITH CHEESE,4122067651, 18 , 17 , 1 ,94%,$196 ,$185 
318758,HCF DOG CAN SENIOR TRKY & RICE,4122068706, 0 , 3 ,(3),N/A,$0 ,$2 
347732,HCF DOG CAN SENIOR BEEF & RICE,4122068707, 24 , 0 , 24 ,0%,$12 ,$0 
318089,HCF DOG CAN CHICKEN CUTS,4122068708, 0 , 9 ,(9),N/A,$0 ,$5 
305573,HCF DOG CAN PUPPY,4122068709, 24 , 4 , 20 ,17%,$12 ,$2 
305557,HCF DOG CAN BEEF/BCN/CHSBRG,4122068710, 0 , 11 ,(11),N/A,$0 ,$6 
244418,HCF DOG CAN CHICKEN & RICE,4122068714, 72 , 65 , 7 ,90%,$42 ,$38 
290221,HCF DOG CAN CHICKEN CUTS,4122068715, 36 , 39 ,(3),108%,$35 ,$37 
7350,HR RB CKN&BRN RC DRY DOG FD,4122071568, 160 , 159 , 1 ,99%,"$1,261 ","$1,255 "
4727,HR GRAIN FREE SALMON DRY DOG,4122071705, 101 , 98 , 3 ,97%,"$1,806 ","$1,756 "
11033,HR RB LAMB&BRN RC DRY DOG,4122078106, 79 , 77 , 2 ,97%,"$1,499 ","$1,453 "
550660,HEB DRY CAT YUMMY BREAKFAST,4122078873, 12 , 11 , 1 ,92%,$72 ,$66 
278131,HEB TEXAS SPORTING DOG FORMULA,4122079201, 20 , 20 , 0 ,100%,$370 ,$352 
979411,HEB DRY CAT GULF COAST MORSELS,4122079319, 40 , 38 , 2 ,95%,$131 ,$125 
294403,HR DRY CAT GF SALMON&CHICK PEA,4122079427, 56 , 56 , 0 ,100%,$559 ,$557 
671246,HEB DRY CAT INDOOR FORMULA,4122079489, 20 , 20 , 0 ,100%,$140 ,$140 
747958,HEB DRY CAT ADULT COMPLETE,4122079630, 32 , 32 , 0 ,100%,$105 ,$105 
275579,HEB CAT FOOD 4 FLAVOR MORSEL,4122080141, 25 , 24 , 1 ,96%,$247 ,$238 
275582,HEB CAT FD YUMMY BREAKFAST MIX,4122080288, 14 , 13 , 1 ,93%,$136 ,$126 
505952,HEB DRY CAT YUMMY BREAKFAST,4122080292, 16 , 15 , 1 ,94%,$52 ,$49 
974528,HEB DRY CAT 4 FLAVOR MORSEL,4122080296, 16 , 14 , 2 ,88%,$112 ,$98 
275606,HEB TX BBQ FLAVOR CAT FOOD,4122080326, 12 , 4 , 8 ,33%,$84 ,$28 
294399,HR DRY CAT GF CHICKEN&CHIC PEA,4122080662, 40 , 38 , 2 ,95%,$399 ,$380 
275593,HEB CAT FOOD INDOOR FORMULA,4122081223, 32 , 32 , 0 ,100%,$316 ,$317 
334693,HR DRY DOG GF SALMON SAMPLE,4122081306, 168 , 157 , 11 ,93%,$252 ,$236 
275587,HEB CAT FOOD SMOKEHOUSE MORSEL,4122082029, 12 , 10 , 2 ,83%,$48 ,$40 
953815,HEB DOG FOOD WITH BEEF,4122083245, 255 , 257 ,(2),101%,$128 ,$129 
402293,HEB DOG FOOD GRILLED CHICKEN,4122083457, 45 , 54 ,(9),120%,$23 ,$27 
680467,HEB TP CHICKEN & SIRLOIN VP,4122083502, 45 , 41 , 4 ,91%,$270 ,$246 
138245,HCF DOG BISCUIT PEANUT BUTTER,4122084049, 108 , 105 , 3 ,97%,$215 ,$209 
195218,HERITAGE RANCH PUMPKN DOG SNCK,4122084225, 56 , 67 ,(11),120%,$195 ,$233 
64261,HCF CAT CAN FLAKED TROUT,4122084505, 72 , 23 , 49 ,32%,$32 ,$10 
138240,HCF DOG BISCUIT ORIGINAL LARGE,4122084713, 39 , 38 , 1 ,97%,$147 ,$143 
12182,HEB BARKING STRIPS 8PK,4122084971, 40 , 39 , 1 ,98%,$79 ,$77 
161808,HEB BARKIN STRIPS,4122084974, 140 , 141 ,(1),101%,$767 ,$773 
161625,HEB BARKIN STRIPS BACON/CHEESE,4122084983, 40 , 40 , 0 ,100%,$175 ,$175 
161594,HEB JERKY STIX,4122084987, 90 , 87 , 3 ,97%,$178 ,$173 
161546,HEB JERKY STIX,4122084989, 76 , 81 ,(5),107%,$599 ,$638 
161128,HEB PRIME CHOPS,4122084992, 100 , 96 , 4 ,96%,$198 ,$192 
160907,HEB SMOKEY WRAPS,4122084993, 60 , 68 ,(8),113%,$119 ,$135 
220901,HEB CAT TREATS - OCEANFISH,4122084996, 24 , 27 ,(3),113%,$28 ,$32 
220903,HEB CAT TREATS - TUNA,4122084998, 24 , 23 , 1 ,96%,$28 ,$27 
235320,HEB PUPPY DRY DOG FOOD 15.5LB,4122085339, 23 , 21 , 2 ,91%,$180 ,$164 
783335,HEB PUPPY FOOD CHICKEN & BEEF,4122086167, 75 , 76 ,(1),101%,$38 ,$38 
558837,HEB DOG FOOD BACON & EGG,4122086171, 225 , 228 ,(3),101%,$113 ,$114 
522648,HEB DOG FOOD CHICKEN & LIVER,4122086174, 105 , 111 ,(6),106%,$53 ,$56 
686077,HEB DOG FOOD PORTERHOUSE,4122086175, 105 , 113 ,(8),108%,$53 ,$57 
901562,HEB DOG FOOD FILET MIGNON,4122086176, 495 , 497 ,(2),100%,$248 ,$249 
782636,HEB DOG FOOD SIRLOIN,4122086177, 135 , 147 ,(12),109%,$68 ,$74 
294401,HR GRAIN FREE KITTEN DRY CAT,4122086192, 28 , 14 , 14 ,50%,$279 ,$140 
697113,HEB TP FILET MIGNON PORTER VP,4122086218, 50 , 54 ,(4),108%,$300 ,$324 
573921,HERITAGE RANCH GF PUPPY,4122086225, 20 , 19 , 1 ,95%,$200 ,$190 
446706,HERITAGE RANCH LID DUCK,4122086236, 28 , 25 , 3 ,89%,$361 ,$322 
515930,HERITAGE RANCH LID DUCK,4122086237, 34 , 33 , 1 ,97%,$710 ,$689 
454758,HERITAGE RANCH SMALL BREED,4122086238, 32 , 26 , 6 ,81%,$284 ,$230 
754306,HERITAGE RANCH SENIOR SALMON,4122086252, 35 , 35 , 0 ,100%,$696 ,$696 
235176,HEB ADULT DRY DOG FOOD 20LB,4122087310, 56 , 55 , 1 ,98%,$587 ,$579 
793766,HEB HR SALMON LAMB VP,4122087892, 2 , 0 , 2 ,0%,$11 ,$0 
393159,HEB PUPPY DRY DOG FOOD 8LB,4122087926, 44 , 44 , 0 ,100%,$198 ,$198 
654714,HEB HR TURKEY SWEET POTATO,4122088065, 12 , 2 , 10 ,17%,$12 ,$2 
223088,HCF CAT CAN GRILLED SALMON,4122088211, 0 , 5 ,(5),N/A,$0 ,$2 
223087,HCF CAT CAN GRILLED BEEF,4122088212, 24 , 23 , 1 ,96%,$11 ,$10 
223083,HCF CAT CAN SHREDDED CHICKEN,4122088214, 24 , 33 ,(9),138%,$10 ,$13 
223082,HCF CAT CAN SHREDDED CK/SAL,4122088215, 24 , 20 , 4 ,83%,$10 ,$8 
223084,HCF CAT CAN SHREDDED TK&CHZ,4122088216, 24 , 26 ,(2),108%,$10 ,$10 
223079,HCF CAT CAN SHREDDED VP,4122088217, 1 , 2 ,(1),200%,$11 ,$22 
223085,HCF CAT CAN GRILLED VP,4122088220, 2 , 2 , 0 ,100%,$22 ,$22 
223073,HCF CAT POUCH ROTISSERIE CHKN,4122088221, 96 , 101 ,(5),105%,$36 ,$37 
223070,HCF CAT POUCH CRAB & TUNA,4122088222, 72 , 64 , 8 ,89%,$27 ,$24 
223124,HCF DOG POUCH GRILLED CHICKEN,4122088672, 24 , 44 ,(20),183%,$12 ,$22 
223119,HCF DOG POUCH GRILLED BEEF,4122088673, 24 , 40 ,(16),167%,$12 ,$20 
223114,HCF DOG CAN TURKEY & BACON,4122088674, 0 , 4 ,(4),N/A,$0 ,$2 
223092,HCF DOG CAN FILET MIGNON,4122088679, 72 , 68 , 4 ,94%,$69 ,$65 
223091,"HCF DOG CAN TURKEY, RICE & VEG",4122088680, 36 , 35 , 1 ,97%,$35 ,$34 
25128,HCF CAT  - VARIETY JUG,4122090241, 8 , 5 , 3 ,63%,$38 ,$24 
90155,HCF DOG CAN LR/BF/BBC - 12/5.5,4122090802, 10 , 10 , 0 ,100%,$60 ,$60 
11956,HEB BARKIN STRIPS BACON/CHS 9P,4122093766, 56 , 55 , 1 ,98%,$111 ,$109 
158456,HEB JERKY STIX LEAN,4122093767, 60 , 76 ,(16),127%,$119 ,$151 
844768,HEB HR HEALTHY WEIGHT,4122095848, 12 , 0 , 12 ,0%,$12 ,$0 
787038,HEB HR 95% CHICKEN,4122096313, 12 , 2 , 10 ,17%,$12 ,$2 
669144,HEB HR 95% BEEF & CHICKEN,4122096903, 12 , 1 , 11 ,8%,$12 ,$1 
738614,HEB HR PUPPY CHICKEN RICE,4122096936, 12 , 0 , 12 ,0%,$12 ,$0 
108983,HCF BITE SIZE DRY DOG FOOD,4122097154, 21 , 20 , 1 ,95%,$165 ,$157 
114518,HCF CHEWY CHUNKS & KIBBLE,4122097178, 18 , 19 ,(1),106%,$144 ,$152 
50840,HEB CHOICE CUBES DOG TREATS,4122098143, 70 , 69 , 1 ,99%,$139 ,$137 
921419,HEB HR FISH & SWEET POTATO,4122099346, 12 , 0 , 12 ,0%,$12 ,$0 
846450,JONNY CAT LINERS JUMBO BOX,4133400154, 78 , 81 ,(3),104%,$213 ,$222 
63405,JONNY CAT HVY DTY LINER JUMBO,4133400157, 36 , 42 ,(6),117%,$136 ,$159 
627548,CATS PRIDE BAKING SODA UNSC,4178801325, 24 , 22 , 2 ,92%,$187 ,$171 
180429,CAT'S PRIDE KAT KIT,4178801605, 115 , 106 , 9 ,92%,$345 ,$318 
552639,CATS PRIDE LT WT LTTR SCENTED,4178801942, 14 , 13 , 1 ,93%,$109 ,$101 
559247,CATS PRIDE BAKING SODA SCNT,4178801945, 14 , 11 , 3 ,79%,$109 ,$86 
102539,CATS PRIDE TTL ODR CNTRL SCNTD,4178847115, 36 , 31 , 5 ,86%,$251 ,$213 
387852,FRESH STEP CAT LITTER,4460002031, 34 , 34 , 0 ,100%,$271 ,$272 
152924,FR STEP MULTI CAT SCNTD LITTER,4460002049, 54 , 54 , 0 ,100%,$515 ,$516 
23578,FRESH STEP LITTER CRYSTALS,4460003022, 80 , 80 , 0 ,100%,"$1,021 ","$1,022 "
129577,FRESH STEP SCOOP CAT LITTER,4460030466, 46 , 47 ,(1),102%,$664 ,$679 
241279,FR STEP MULTI CAT SCENTED LITR,4460030468, 72 , 71 , 1 ,99%,"$1,040 ","$1,026 "
226274,FR STEP EXTREM ODOR CNTRL SCP,4460030623, 58 , 57 , 1 ,98%,$838 ,$825 
101851,FR STEP LTWEIGHT XTRM SCNT LTR,4460031156, 51 , 49 , 2 ,96%,$660 ,$639 
356046,FR STEP MULTI CAT SCNTD LITTER,4460031603, 31 , 29 , 2 ,94%,$517 ,$482 
356070,FR STEP EXTREME ODOR CNTRL LIT,4460031604, 64 , 61 , 3 ,95%,"$1,050 ",$999 
356073,FRESH STEP EXTREME HAWAII LITR,4460031686, 42 , 42 , 0 ,100%,$373 ,$373 
838017,FR STEP CLN PAWS TRIPLE ACTION,4460031874, 39 , 41 ,(2),105%,$507 ,$533 
953335,FANCY FEAST PURELY SLMN CHKN,5000000042, 80 , 78 , 2 ,98%,$90 ,$87 
184150,FNCY FST FLAKED TUNA,5000000124, 264 , 271 ,(7),103%,$169 ,$174 
746166,FANCY FEAST APTZR OCNFSH SHRMP,5000000128, 20 , 21 ,(1),105%,$18 ,$18 
580007,FANCY FEAST APPTZR SKPJCK TUNA,5000000129, 10 , 15 ,(5),150%,$9 ,$13 
616125,FRISKIES LIL SOUPS SALMON,5000000133, 104 , 95 , 9 ,91%,$98 ,$89 
531174,FRISKIES LIL SOUPS SHRIMP,5000000135, 80 , 84 ,(4),105%,$75 ,$79 
216589,FF APPETIZ TENDER TONGOL TUNA,5000000452, 80 , 79 , 1 ,99%,$90 ,$88 
216571,FF APPETIZER WHITE MEAT CHKN,5000000459, 50 , 43 , 7 ,86%,$56 ,$48 
353891,PURINA BELLA MEAL CHICKN&BACON,5000000485, 48 , 40 , 8 ,83%,$36 ,$30 
10575,PURINA BELLA MEAL FILET MIGNON,5000000486, 48 , 52 ,(4),108%,$36 ,$38 
73876,PURINA BELLA MEAL PRTHSE STEAK,5000000487, 36 , 42 ,(6),117%,$27 ,$31 
353886,PURINA BELLA MEAL TURKEY,5000000491, 24 , 23 , 1 ,96%,$18 ,$17 
356863,FRISKIES INDOOR 4X6.3LB,5000001481, 24 , 22 , 2 ,92%,$176 ,$159 
714693,FRISKIES SEAFOOD SENSATIONS,5000001547, 72 , 73 ,(1),101%,$284 ,$288 
356866,FRISKIES SEAFOOD SENS 4X6.3,5000001874, 24 , 23 , 1 ,96%,$176 ,$169 
22495,FNCY FST GRILLED TURKEY,5000004060, 120 , 127 ,(7),106%,$77 ,$81 
22497,FNCY FST GRILLED CHICKEN,5000004080, 312 , 297 , 15 ,95%,$200 ,$190 
457356,FRISKIES GRLS BLND,5000008450, 60 , 60 , 0 ,100%,$236 ,$236 
113735,FNCY FST GRILLED OCN FISH/TUNA,5000010084, 264 , 284 ,(20),108%,$169 ,$182 
113741,FNCY FST GRILLED LIVER&CHK,5000010086, 168 , 181 ,(13),108%,$108 ,$116 
142858,FNCY FST GRILLED SALMON/SHRIMP,5000010206, 288 , 238 , 50 ,83%,$184 ,$152 
142859,FNCY FST GRILLED CHICKEN/BEEF,5000010216, 192 , 192 , 0 ,100%,$123 ,$123 
74948,FRISKIES SHREDS W/BEEF,5000010364, 144 , 154 ,(10),107%,$78 ,$83 
142857,FNCY FST GOURMET SALM/SHRIM,5000010386, 432 , 440 ,(8),102%,$276 ,$282 
113709,FRSKS PRIME FILET OCN FSH/TUNA,5000017016, 240 , 249 ,(9),104%,$130 ,$135 
113707,FRISKIES PRIME FILET CHK & GRY,5000017018, 72 , 74 ,(2),103%,$39 ,$40 
877665,FANCY FEAST GRMT NTRL OCN FISH,5000017155, 28 , 30 ,(2),107%,$234 ,$250 
490943,FRISKIES PARTY MIX LOBSTER,5000017179, 50 , 56 ,(6),112%,$75 ,$84 
701999,FRISKIES PARTY MIX CHCKN WAFFL,5000017183, 40 , 49 ,(9),123%,$60 ,$74 
965307,FRISKIES SHREDS 40CT,5000017227, 29 , 29 , 0 ,100%,$594 ,$595 
879033,FANCY FEAST SAVORY CENTER 12CT,5000017298, 16 , 16 , 0 ,100%,$207 ,$207 
22829,FRISKIES MEATY BITS MP,5000019811, 12 , 11 , 1 ,92%,$153 ,$140 
8885,FNCY FST CLSC SEAFOOD MP,5000021562, 14 , 13 , 1 ,93%,$106 ,$98 
661900,FRISKIES PRIME FILET TURKEY,5000022522, 24 , 30 ,(6),125%,$13 ,$16 
66823,FRISKIES PARTY MIX MIXED GRILL,5000023795, 34 , 32 , 2 ,94%,$51 ,$46 
965894,FANCY FEAST BROTHS CHKN VEG,5000029105, 48 , 39 , 9 ,81%,$51 ,$41 
338101,FF BROTHS TUNA ANCHV WHTFISH,5000029109, 80 , 85 ,(5),106%,$85 ,$90 
355165,FANCY FEAST GRVY L0VER PB VP,5000029211, 64 , 62 , 2 ,97%,"$1,180 ","$1,144 "
355163,FANCY FEAST PLTRY BEEF PATE VP,5000029222, 28 , 25 , 3 ,89%,$516 ,$462 
277253,FRISKIES PATE POULTRY FAV,5000029257, 34 , 30 , 4 ,88%,$566 ,$496 
338106,FF BROTHS MACKEREL CRM VEG,5000029342, 48 , 57 ,(9),119%,$51 ,$60 
338098,FF BROTHS SALMON VEGETABLE,5000029365, 96 , 95 , 1 ,99%,$102 ,$101 
95629,FRISKIES PARTY MIX NATURAL CHK,5000029424, 10 , 12 ,(2),120%,$15 ,$18 
815254,PUR FF PARTY MIX NATURALS TUNA,5000029436, 80 , 89 ,(9),111%,$120 ,$134 
749171,FRISKIES TASTY TREASURES CANS,5000029451, 30 , 29 , 1 ,97%,$382 ,$366 
277254,FRISKIES MEATY BITS VP,5000029507, 16 , 15 , 1 ,94%,$103 ,$96 
2619,MGHTY DG ROASTED VP 12/5.5OZ,5000036358, 2 , 3 ,(1),150%,$16 ,$24 
37794,FNCY FST CHICKEN MP,5000037034, 26 , 26 , 0 ,100%,$387 ,$387 
597609,FRISKIES CLSSC PATE MP,5000042034, 13 , 14 ,(1),108%,$165 ,$178 
394577,FRISKIES LIVER & CHCKN DINNER,5000042044, 216 , 203 , 13 ,94%,$117 ,$110 
81372,FRISKIES CAT FOOD MIXED GRILL,5000042154, 144 , 161 ,(17),112%,$78 ,$87 
81380,FRISKIES CAT FOOD TURKY/GIBLET,5000042184, 144 , 140 , 4 ,97%,$78 ,$76 
9538,FRISKIES MEATY BITS W/BEEF,5000042314, 96 , 99 ,(3),103%,$52 ,$53 
625814,FNCY FST CHUNKY CHICKEN,5000042694, 288 , 250 , 38 ,87%,$184 ,$160 
22012,FNCY FST FLAKED FISH & SHRMP,5000042874, 240 , 223 , 17 ,93%,$154 ,$143 
81067,FNCY FST CLSSC LIVER & CHICKEN,5000042904, 456 , 498 ,(42),109%,$292 ,$319 
80994,FNCY FST SEAFOOD CAT FOOD,5000042934, 264 , 335 ,(71),127%,$169 ,$216 
81026,FNCY FST CLSSC SALMON,5000042944, 528 , 508 , 20 ,96%,$338 ,$325 
662163,FNCY FST CLSSC BEEF,5000042954, 744 , 721 , 23 ,97%,$476 ,$462 
80879,FNCY FST CLSSC OCEAN FISH/TUNA,5000042964, 192 , 176 , 16 ,92%,$123 ,$113 
377812,FRISKIES SHREDS CHICKEN/SALMON,5000044569, 168 , 195 ,(27),116%,$91 ,$105 
158752,FRISKIES CL PATE FSH MP,5000045435, 28 , 25 , 3 ,89%,$466 ,$416 
357056,FANCY FEAST DRY CHCKN & TRKY,5000046300, 48 , 49 ,(1),102%,$354 ,$362 
356854,FRISKIES FLAKED TUNA & EGG,5000048024, 168 , 164 , 4 ,98%,$91 ,$89 
605458,FANCY FEAST GRMT NATS 12CT,5000050032, 32 , 32 , 0 ,100%,$319 ,$315 
846534,FANCY FEAST GOURM NATS 12CT,5000050035, 34 , 32 , 2 ,94%,$331 ,$309 
799088,FRISKIES PARTY MIX BEACH 30OZ,5000050037, 15 , 15 , 0 ,100%,$175 ,$176 
923492,FRISKIES PARTY MIX ORIG 30OZ,5000050041, 18 , 16 , 2 ,89%,$210 ,$188 
616770,FRISKIES PARTY MIX CHICKN 30OZ,5000050045, 24 , 15 , 9 ,63%,$281 ,$175 
34914,FNCY FST GRILLED SALMON,5000050389, 168 , 143 , 25 ,85%,$108 ,$92 
419597,FANCY FEAST SEAFOOD VP 36CT,5000051420, 21 , 22 ,(1),105%,$462 ,$484 
154257,FF ELG MDLY SALMON FLORENTINE,5000057049, 264 , 283 ,(19),107%,$222 ,$238 
158742,FRISKIES SHREDS W/CHICKEN,5000057198, 168 , 190 ,(22),113%,$91 ,$103 
158743,FRISKIES SHREDS W/SALMON,5000057201, 216 , 235 ,(19),109%,$117 ,$127 
158800,MGHTY DOG SEL MENU VP 12/5.5OZ,5000057211, 2 , 3 ,(1),150%,$16 ,$24 
158729,FNCY FST GRILLED BEEF & LIVER,5000057225, 192 , 191 , 1 ,99%,$123 ,$122 
139519,FF ELG MDLY FLRNTNE VP,5000057281, 64 , 64 , 0 ,100%,$637 ,$638 
357066,FF GOURMET GOLD FILET MIGNON,5000057283, 60 , 64 ,(4),107%,$443 ,$472 
179731,FRISKIES PARTY MIX BEACHSIDE,5000057443, 44 , 44 , 0 ,100%,$66 ,$66 
19007,FF ELG MDLY CHICKEN PRIMAVERA,5000057458, 336 , 289 , 47 ,86%,$282 ,$243 
79562,FF ELG MDLY SALMON PRIMAVERA,5000057490, 312 , 336 ,(24),108%,$262 ,$282 
133935,FRISKIES GRILLERS BLEND,5000057578, 11 , 10 , 1 ,91%,$130 ,$118 
133932,FRISKIES SURF & TURF FAVORITES,5000057579, 17 , 14 , 3 ,82%,$200 ,$165 
261656,FRISKIES TASTY TREAS CHKN TUNA,5000057795, 96 , 101 ,(5),105%,$52 ,$55 
208182,FRISKIES TREASURE CHKN GRVY LV,5000057796, 72 , 63 , 9 ,88%,$39 ,$34 
261655,FRISKIES TASTY TREAS OCEANFISH,5000057797, 192 , 195 ,(3),102%,$104 ,$105 
208183,FRISKIES TREASURES TURK & CHSE,5000057798, 48 , 41 , 7 ,85%,$26 ,$22 
277257,FRISKIES PRIME FILETS MF,5000057800, 27 , 25 , 2 ,93%,$343 ,$312 
203243,FANCY FEAST GRAVY OCEAN WHTFSH,5000057843, 288 , 249 , 39 ,86%,$184 ,$159 
203246,FANCY FEAST GRAVY LOVERS CHKN,5000057845, 672 , 614 , 58 ,91%,$430 ,$394 
261658,FANCY FEAST GRAVY LOVERS BEEF,5000057847, 336 , 324 , 12 ,96%,$215 ,$207 
208181,FRISKIES SAVORY SHREDS,5000057919, 39 , 35 , 4 ,90%,$496 ,$448 
208180,FANCY FEAST CHEDDAR LOVERS TNA,5000057928, 168 , 164 , 4 ,98%,$108 ,$105 
208179,FANCY FEAST CHEDDAR CHKN,5000057931, 192 , 227 ,(35),118%,$123 ,$145 
208178,FANCY FEAST CHEDDAR LOVE TURK,5000057933, 192 , 193 ,(1),101%,$123 ,$124 
126129,FRISKIES TASTY TREASURES,5000057963, 44 , 44 , 0 ,100%,$282 ,$282 
3948,FRISKIES SAVSHRD WTFSH SRN,5000057990, 432 , 440 ,(8),102%,$233 ,$238 
3128,FANCY FEAST GRAVYLOVERS TURKEY,5000058004, 576 , 560 , 16 ,97%,$369 ,$358 
165502,ALPO COME N GET IT,5000058090, 12 , 11 , 1 ,92%,$90 ,$82 
355173,FANCY FEAST PTRY BF GRLL VP,5000058566, 30 , 33 ,(3),110%,$553 ,$609 
277261,FANCY FEAST SEAFOOD CLS VP,5000058568, 14 , 20 ,(6),143%,$258 ,$369 
163684,FRISKIES PARTY MIX MEOW LUAU,5000058598, 40 , 41 ,(1),103%,$60 ,$62 
355172,FANCY FST SEAFD GRILLD VP,5000058664, 44 , 47 ,(3),107%,$811 ,$861 
34915,FNCY FST GRILLED TUNA,5000083612, 264 , 231 , 33 ,88%,$169 ,$148 
23979,FRISKIES TREASURES CHK TN BAC,5000096004, 0 , 14 ,(14),N/A,$0 ,$8 
28838,FRISKIES TREASURES TRK BACON,5000096006, 96 , 55 , 41 ,57%,$52 ,$30 
30610,FRISKIES TREASURES CHK BACON,5000096016, 24 , 40 ,(16),167%,$13 ,$22 
45353,FANCY FEAST BROTH CLASSIC COLL,5000096042, 21 , 19 , 2 ,90%,$255 ,$230 
45520,FANCY FEAST BROTHS CREAMY COLL,5000096049, 12 , 12 , 0 ,100%,$145 ,$146 
314112,FRISKIES CAT CONCOCTIONS CHKN,5000096282, 0 , 33 ,(33),N/A,$0 ,$18 
314037,FRISKIES PRTY MIX CR KAHUNA,5000096304, 42 , 42 , 0 ,100%,$335 ,$335 
314034,FRISKIES PRTY MIX TR ISL 20 OZ,5000096306, 12 , 14 ,(2),117%,$96 ,$112 
314028,FRISKIES PARTY MIX CR ORIGINAL,5000096308, 27 , 26 , 1 ,96%,$215 ,$207 
314032,FRISKIES PARTY MIX CR BEACHSID,5000096310, 24 , 21 , 3 ,88%,$191 ,$167 
312807,PEDIGREE DENTASTIX ORIG LARGE,5849604347, 48 , 44 , 4 ,92%,$503 ,$461 
129565,TEMPTATIONS SEAFOOD MEDLEY FLV,5849628128, 60 , 61 ,(1),102%,$188 ,$192 
102381,TEMPTATIONS TANTALIZING TURKEY,5849670123, 48 , 47 , 1 ,98%,$72 ,$71 
158859,WHISKA CAT MILK PLUS,5849671226, 16 , 15 , 1 ,94%,$41 ,$39 
88438,TEMPTATIONS TASTY CHICKEN FLAV,5849672300, 100 , 91 , 9 ,91%,$314 ,$286 
88649,TEMPTATIONS SAVORY SALMON FLAV,5849672301, 50 , 44 , 6 ,88%,$157 ,$138 
22482,TEMPTATIONS HEARTY BEEF FLAVOR,5849672302, 24 , 25 ,(1),104%,$36 ,$38 
102841,TEMPTATIONS CREAMY DAIRY FLAV,5849672303, 48 , 53 ,(5),110%,$72 ,$80 
22483,TEMPTATIONS SAVORY SALMON FLAV,5849672304, 60 , 63 ,(3),105%,$90 ,$95 
298906,PL BACON & CHEESE STRIPS,7015516619, 12 , 11 , 1 ,92%,$39 ,$35 
299907,PL GOURMET CUTS BEEF & RICE,7015516621, 47 , 49 ,(2),104%,$235 ,$245 
299908,PL GOURMET CUTS BEEF & CHS,7015516622, 89 , 86 , 3 ,97%,$444 ,$430 
299909,PL CHEESE FLAVOR WRAPS,7015516623, 30 , 30 , 0 ,100%,$150 ,$150 
298769,MEATBALL DELIGHTS LIVER FLAVOR,7015516625, 18 , 21 ,(3),117%,$58 ,$68 
363231,PET LIFE BACON CHSE STRIPS PPK,7015517065, 2 , 1 , 1 ,50%,$20 ,$10 
333094,TIDY CATS 24/7 PERFORMNCE 35LB,7023001669, 46 , 43 , 3 ,93%,$673 ,$634 
549968,PURINA TIDY CATS 24/7 PERF,7023010734, 93 , 88 , 5 ,95%,$603 ,$568 
949248,TIDY CATS CONVENT IOC,7023010760, 96 , 94 , 2 ,98%,$287 ,$281 
716688,TIDY CATS SCOOP IMMEDIATE ODOR,7023010785, 37 , 36 , 1 ,97%,$542 ,$528 
608810,TIDY CATS SCOOP CONTINUOUS ODO,7023011614, 27 , 29 ,(2),107%,$216 ,$233 
170394,TIDY CATS 24/7 JUG LITTER PRFM,7023011620, 222 , 207 , 15 ,93%,"$1,949 ","$1,819 "
843748,TIDY CATS SCOOP IMMEDIATE ODOR,7023011716, 21 , 21 , 0 ,100%,$168 ,$168 
502765,TIDY CATS SCOOP PERF SCOOPING,7023011720, 212 , 197 , 15 ,93%,"$1,861 ","$1,741 "
182048,TIDY CATS GLADE,7023015345, 118 , 114 , 4 ,97%,"$1,036 ","$1,002 "
683837,TIDY CATS LITTER W/ GLADE 35LB,7023015348, 25 , 27 ,(2),108%,$366 ,$396 
266762,TIDYCAT LIGHTWEIGHT LITTER,7023015366, 46 , 45 , 1 ,98%,$574 ,$562 
16664,TIDY CATS LIGHTWEIGHT LITTER,7023015367, 19 , 18 , 1 ,95%,$390 ,$371 
73211,TIDY CATS CONVENT WITH GLADE,7023016516, 56 , 55 , 1 ,98%,$279 ,$271 
333332,TIDY CATS LT WGHT GLADE LITTER,7023016761, 112 , 107 , 5 ,96%,"$1,398 ","$1,336 "
333350,TIDY CATS 4-IN-1 STRNGTH 20 LB,7023016766, 96 , 88 , 8 ,92%,$843 ,$774 
704969,TIDY CATS FREE & CLN 20LB,7023016853, 84 , 87 ,(3),104%,$738 ,$765 
359235,RRN INDOOR COMPLETE DRY CAT FD,7119000360, 28 , 29 ,(1),104%,$180 ,$189 
768835,RRN INDOOR COMPLETE CAT FOOD,7119000361, 18 , 20 ,(2),111%,$206 ,$229 
92046,RR NUTRISH - CHICKEN,7119000600, 90 , 85 , 5 ,94%,"$1,506 ","$1,424 "
835121,RRN CHKN & VEG DOG FD,7119000601, 69 , 70 ,(1),101%,$549 ,$558 
110275,RR NUTRISH - BEEF,7119000602, 74 , 73 , 1 ,99%,"$1,238 ","$1,223 "
448669,RRN BEEF & BRWN RICE DOG FD,7119000603, 72 , 72 , 0 ,100%,$573 ,$574 
272380,RACHAEL RAY NUTRISH BEEF,7119000633, 46 , 47 ,(1),102%,"$1,446 ","$1,480 "
183027,RR SOUP BONES - BEEF,7119000668, 88 , 87 , 1 ,99%,$257 ,$255 
184210,RR SOUP BONES - CHICKEN,7119000670, 72 , 78 ,(6),108%,$210 ,$228 
175106,RR DELISH - SAVORY LAMB STEW,7119000671, 56 , 57 ,(1),102%,$105 ,$107 
175416,RR DELISH - HEARTY BEEF 8OZ,7119000672, 8 , 32 ,(24),400%,$15 ,$60 
176006,RR DELISH - CHICKEN MUTTBALLS,7119000673, 56 , 58 ,(2),104%,$105 ,$109 
659478,RRN ZERO GRAIN TURKEY & POTATO,7119000684, 54 , 50 , 4 ,93%,$569 ,$527 
26925,RR NUTRISH WET CAT CHICKEN,7119000702, 48 , 38 , 10 ,79%,$45 ,$36 
270862,RR ZEROGRAIN DOG SALMON SWTPOT,7119000714, 20 , 19 , 1 ,95%,$211 ,$200 
177736,RR NUTRISH CHICKEN LOVERS VP,7119000777, 10 , 11 ,(1),110%,$99 ,$109 
24842,RR NUTRISH DOG VARIETY PACK,7119000786, 22 , 27 ,(5),123%,$241 ,$295 
485750,RRN ZERO GRN CHKN & POT CAT FD,7119000813, 8 , 11 ,(3),138%,$72 ,$99 
392380,RRN ZG CHKN & SWT POT DOG FD,7119000832, 22 , 21 , 1 ,95%,$506 ,$483 
330873,EVOLVE DBN SALMON RICE SWT POT,7365700864, 16 , 16 , 0 ,100%,$80 ,$80 
107694,EVOLVE DBN SALMON RICE SWT POT,7365700865, 10 , 9 , 1 ,90%,$214 ,$192 
929584,EVOLVE LIVER RECIPE,7365700937, 0 , 4 ,(4),N/A,$0 ,$4 
122151,EVOLVE ADLT CHKN MAIN DOG FOOD,7365738032, 12 , 12 , 0 ,100%,$199 ,$199 
247921,EVOLVE GF SALMON &SWEET POTATO,7365739015, 8 , 8 , 0 ,100%,$184 ,$184 
344081,EVOLVE GRN FREE CHKN PEA VEG,7365739044, 8 , 6 , 2 ,75%,$54 ,$41 
299478,ADVANCE 14CT TRAINING PADS,7648418814, 60 , 60 , 0 ,100%,$299 ,$300 
284414,ADVANCE 30CT TRAINING PADS,7648418830, 18 , 20 ,(2),111%,$144 ,$160 
758631,9LIVES MEATY PATE SUPER SUPPER,7910000286, 48 , 46 , 2 ,96%,$69 ,$66 
261972,9LIVES HEARTY CUTS W/ REAL CHI,7910000300, 12 , 10 , 2 ,83%,$17 ,$14 
887008,9LVS MTY PTE SINGLES CHKN TUNA,7910000324, 24 , 25 ,(1),104%,$10 ,$11 
759019,9LIVES HEARTY CUTS W/ CHICKEN,7910000356, 12 , 5 , 7 ,42%,$17 ,$7 
758953,9LIVES MEATY PATE W/ CHICKEN &,7910000366, 24 , 22 , 2 ,92%,$34 ,$31 
735665,9LVS MTYPTE SINGLES SEAFD PLTR,7910000402, 0 , 12 ,(12),N/A,$0 ,$5 
220849,9 LIVES MEATY FAVORITES 36/5.5,7910012283, 5 , 5 , 0 ,100%,$61 ,$61 
27026,PUP-PERONI LEAN BEEF,7910044895, 36 , 35 , 1 ,97%,$324 ,$315 
90376,MEOW MIX SEAFOOD VP,7910045512, 14 , 12 , 2 ,86%,$157 ,$134 
125712,CCO BEEF FLAVOR,7910050154, 54 , 49 , 5 ,91%,$199 ,$181 
125696,CCO BACON FLAVOR,7910050155, 36 , 32 , 4 ,89%,$132 ,$118 
479500,MILK BONE MINI FLAV SNKS,7910050856, 138 , 138 , 0 ,100%,$408 ,$410 
214573,PUPPERONI BEEF DOG SNKS 5.6OZ,7910051021, 72 , 90 ,(18),125%,$189 ,$236 
125727,CCO CHICKEN FLVR,7910051147, 108 , 117 ,(9),108%,$104 ,$112 
221967,9 LIVES HEARTY CUTS POULTRY &,7910051152, 3 , 3 , 0 ,100%,$25 ,$25 
263906,CANINE CARRY OUTS BEEF FLAVOR,7910051254, 162 , 183 ,(21),113%,$156 ,$176 
729888,MILK BONE MED BISCUITS,7910051352, 210 , 215 ,(5),102%,$521 ,$534 
54104,KNB BEEFY BITS,7910051445, 10 , 8 , 2 ,80%,$105 ,$84 
53939,KNB SMALL BREED,7910051447, 0 , 2 ,(2),N/A,$0 ,$21 
250873,CANINE CARRY OUTS BACON SNACKS,7910051786, 140 , 151 ,(11),108%,$134 ,$140 
178896,KIBBLES N BITS ORIGINAL FLAVOR,7910051849, 32 , 0 , 32 ,0%,$156 ,$0 
178802,KIBBLES N BITS SMALL BREED,7910051852, 32 , 0 , 32 ,0%,$169 ,$0 
136965,PUPPERONI TRAINING TREATS,7910052089, 40 , 37 , 3 ,93%,$105 ,$97 
73480,9LIVES DAILY ESS DRY CAT FOOD,7910052195, 0 , 1 ,(1),N/A,$0 ,$9 
130790,PUPPERONI STEAK GRILL PR FLVR,7910052837, 24 , 24 , 0 ,100%,$216 ,$216 
45209,CCO CHEW BONES BEEF SMALL,7910052870, 96 , 97 ,(1),101%,$90 ,$91 
321522,PUPPERONI FILET & BACON,7910053301, 40 , 39 , 1 ,98%,$105 ,$102 
340834,9LIVES SEAFOOD PLTRY VRTY,7910053377, 15 , 15 , 0 ,100%,$125 ,$125 
148580,PUP-PERONI BEEF,7910058371, 28 , 29 ,(1),104%,$252 ,$261 
623557,MKB BRSH CHEWS MINI BONES,7910078555, 45 , 51 ,(6),113%,$156 ,$177 
357267,9LIVES GRAVY LOVERS VPK,7910083050, 17 , 15 , 2 ,88%,$72 ,$63 
981796,PP ORIGINAL BEEF FLAVOR,7910083052, 8 , 10 ,(2),125%,$118 ,$148 
357287,9LIVES PATE FAVORITES VPK,7910083102, 20 , 19 , 1 ,95%,$84 ,$80 
627140,KNB BCN STK DRY DOG 16LB,7910085174, 31 , 0 , 31 ,0%,$325 ,$0 
433043,MKB BC FRESH LARGE DOGS,7910088252, 30 , 33 ,(3),110%,$270 ,$297 
437597,MILKBONE SMALLL BISCUIT,7910090202, 228 , 229 ,(1),100%,$675 ,$679 
357292,MLKBN LARGE BISCUIT,7910090244, 88 , 87 , 1 ,99%,$624 ,$621 
462900,MLKBN MARO SNACKS JAR,7910092327, 40 , 42 ,(2),105%,$353 ,$371 
856459,MILOS KTCHN SMPLY CHKN JKY,7910099269, 15 , 15 , 0 ,100%,$150 ,$150 
880699,PUPPERONI MINIS BEEF 5.6OZ,7910099376, 56 , 54 , 2 ,96%,$147 ,$142 
884041,NUTRO CRUNCHY TREATS BERRY,7910511085, 24 , 33 ,(9),138%,$99 ,$137 
621936,NUTRO CRUNCHY TREATS CHCKN CRT,7910511087, 24 , 25 ,(1),104%,$99 ,$104 
937489,NUTRO CRUNCHY TREATS PEANT BTR,7910511088, 48 , 42 , 6 ,88%,$199 ,$174 
421985,NUTRO SMALL BITES LAMB,7910511623, 30 , 29 , 1 ,97%,$865 ,$821 
525455,NUTRO WE SML BT ADLT LM AND RC,7910511624, 6 , 2 , 4 ,33%,$66 ,$22 
782063,NUTRO ADULT LAMB AND RICE,7910511631, 25 , 25 , 0 ,100%,$721 ,$721 
456737,NUTRO WE ADLT LB AND RC,7910511632, 27 , 25 , 2 ,93%,$404 ,$370 
412581,NUTRO LARGE BRD LAMB AND RICE,7910511637, 18 , 18 , 0 ,100%,$881 ,$882 
745999,NUTRO ADULT CHICKEN,7910511646, 54 , 51 , 3 ,94%,$808 ,$764 
938550,NUTRO ADULT CHICKEN,7910511647, 43 , 44 ,(1),102%,"$1,239 ","$1,273 "
717671,NUTRO PUPPY CHICKEN,7910511648, 15 , 16 ,(1),107%,$432 ,$461 
869559,NUTRO ADULT CHICKEN,7910511662, 32 , 31 , 1 ,97%,"$1,566 ","$1,519 "
993553,NUTRO SENIOR CHICKEN,7910511663, 19 , 17 , 2 ,89%,$548 ,$490 
744705,NUTRO SMALL BREED ADULT CHCKN,7910511667, 22 , 20 , 2 ,91%,$634 ,$577 
811982,NUTRO PUPPY CHICKEN,7910511670, 12 , 11 , 1 ,92%,$180 ,$165 
648271,NUTRO ADULT SALMON,7910511744, 8 , 8 , 0 ,100%,$82 ,$82 
485022,NUTRO INDOOR ADULT CHICKEN,7910511745, 4 , 4 , 0 ,100%,$41 ,$41 
685415,NUTRO INDOOR SENIOR CHICKEN,7910511747, 8 , 9 ,(1),113%,$82 ,$93 
545484,NUTRO CAT INDOOR ADULT FISH,7910511759, 8 , 8 , 0 ,100%,$152 ,$152 
788341,NUTRO PETITE TURKEY AND VEGE,7910511778, 48 , 43 , 5 ,90%,$60 ,$54 
734750,NUTRO PETITE PUPPY CHICKN RICE,7910511779, 48 , 67 ,(19),140%,$60 ,$84 
970648,NUTRO PETITE LAMB AND GARDEN,7910511780, 48 , 42 , 6 ,88%,$60 ,$53 
523420,NUTRO PETITE CHICKEN,7910511781, 72 , 74 ,(2),103%,$90 ,$93 
941174,NUTRO PETITE BEEF AND POTATO,7910511783, 96 , 110 ,(14),115%,$120 ,$138 
670933,NUTRO DRY CAT WT MGT ADT CHX,7910511928, 8 , 5 , 3 ,63%,$164 ,$102 
673083,NUTRO SMALL BREED CHICKEN,7910512217, 69 , 70 ,(1),101%,"$1,032 ","$1,048 "
556112,NUTRO PETITE CHCKN TURKEY 12PK,7910512536, 54 , 56 ,(2),104%,$807 ,$837 
909191,NUTRO PETITE BEEF LAMB 12PK,7910512537, 28 , 26 , 2 ,93%,$418 ,$388 
924263,NUTRO PETITE 4 FLAVOR 24PK,7910512538, 8 , 8 , 0 ,100%,$248 ,$248 
435091,NUTRO DRY CAT HRBL ADLT CHK RC,7910512877, 6 , 4 , 2 ,67%,$78 ,$52 
926713,NUTRO DRY CAT ADLT CHIK BRN,7910512878, 27 , 22 , 5 ,81%,$351 ,$286 
333037,SCOOP AWAY MULTI CAT SCNTD LIT,9668902014, 21 , 21 , 0 ,100%,$228 ,$228 
356050,SC AWAY EX STRN SCNT CLUMP LIT,9668902063, 34 , 34 , 0 ,100%,$441 ,$442 
241671,SC AWAY MULTI CAT SCNTD LITTER,9668920016, 12 , 13 ,(1),108%,$86 ,$94 
126474,WORLDS BEST - CLUMPING,32259100090, 45 , 40 , 5 ,89%,$360 ,$320 
127949,WORLDS BEST - MULTI CAT,32259100625, 54 , 54 , 0 ,100%,$458 ,$456 
723522,GREENIES DOG DNTL CHW LGE,64286304110, 6 , 9 ,(3),150%,$90 ,$105 
720449,GREENIES DOG DNTL CHW PTE,64286304124, 42 , 44 ,(2),105%,$629 ,$660 
404075,GREENIES DOG DNTL CHW PTE 6OZ,64286310292, 24 , 22 , 2 ,92%,$204 ,$187 
436866,GREENIES DOG DNTL CHW REG 6OZ,64286310293, 30 , 30 , 0 ,100%,$254 ,$255 
846639,GREENIES DOG DNTL CHW LGE 6OZ,64286310294, 18 , 21 ,(3),117%,$153 ,$157 
900701,GREENIES DOG DNTL CHW PTE,64286310700, 18 , 19 ,(1),106%,$90 ,$95 
19606,BDB NAT LOW FAT PB & MOLASSES,65922324060, 72 , 67 , 5 ,93%,$249 ,$232 
167216,BDB MORE FLAVORS DOG TREATS,65922324064, 120 , 114 , 6 ,95%,$415 ,$395 
38383,NR 13.2OZ STEW CHKN RICE,73052150761, 12 , 11 , 1 ,92%,$18 ,$16 
38441,NR 13.2OZ STEW LAMB & RICE,73052150762, 12 , 5 , 7 ,42%,$18 ,$7 
46517,NR 4LB GF SMALL BRD CHKN,73052151390, 36 , 38 ,(2),106%,$323 ,$341 
37893,NR 2.75OZ CHKN SLMN RCPE,73052151753, 84 , 79 , 5 ,94%,$84 ,$79 
38624,NR 12LB GF CHICKEN RECIPE,73052152101, 17 , 17 , 0 ,100%,$417 ,$419 
38590,NR 12LB GF SALMON RECIPE,73052152103, 16 , 17 ,(1),106%,$392 ,$417 
816131,NR GF CHICKEN RECIPE,73052152206, 108 , 113 ,(5),105%,$108 ,$114 
0,KITTY WONDER LITTER BOX,73291500001, 31 , 26 , 5 ,84%,$93 ,$78 
357182,FM RECIPE W BEEF N SWT POTATO,81033902044, 0 , 11 ,(11),N/A,$0 ,$14 
357189,FM ROAST CHKN CARROT PEAS,81033902045, 0 , 11 ,(11),N/A,$0 ,$14 
84014,FM GF JERKY BBQ BEEF W TOMATO,81033902054, 48 , 50 ,(2),104%,$191 ,$199 
84030,FM GF JERKY TENDER LMB W RSMRY,81033902055, 42 , 43 ,(1),102%,$167 ,$172 
84223,FM GF JERKY WILD GAME W APPLE,81033902056, 24 , 29 ,(5),121%,$96 ,$116 
84061,FM GF JERKY CHKN W ROSEMARY,81033902057, 30 , 28 , 2 ,93%,$119 ,$112 
86832,FM CHKN TUNA LGHT IN CHKN BRTH,81033902074, 24 , 23 , 1 ,96%,$30 ,$29 
351120,FM WHITEFISH SALMON OLV OIL,81033902080, 20 , 14 , 6 ,70%,$180 ,$126 
351125,FM CHKN TRKY CRNBRY,81033902082, 4 , 5 ,(1),125%,$64 ,$80 
116286,LIL TEX RNCH CHX JRKY,81814501182, 6 , 4 , 2 ,67%,$36 ,$24 
112502,LIL TEX RNCH CHX JRKY,81814501185, 12 , 11 , 1 ,92%,$105 ,$96 
325722,VETIQ MINTIES DENTAL BONES SML,81814501568, 18 , 19 ,(1),106%,$60 ,$63 
0,VETIQ MINTIES DENTL BONES M/LG,81814501569, 17 , 20 ,(3),118%,$56 ,$66 
0,VETIQ MINTIES DENTAL BONES SML,81814501570, 17 , 14 , 3 ,82%,$140 ,$115 
0,VETIQ MINTIES DENTL BONES M/LG,81814501571, 24 , 24 , 0 ,100%,$198 ,$198 
334635,MM TNDR FAVORITE TUNA & SHRIMP,82927400615, 60 , 51 , 9 ,85%,$29 ,$24 
334636,MM TNDR FAVORITES SLMN & CRAB,82927400616, 60 , 52 , 8 ,87%,$29 ,$25 
334638,MM TNDR FAVORITES CHKN & BEEF,82927400617, 48 , 52 ,(4),108%,$23 ,$25 
48625,MM POULTRY & BEEF,82927400622, 36 , 35 , 1 ,97%,$207 ,$201 
220871,MM POULTRY & SEAFOOD,82927400623, 32 , 28 , 4 ,88%,$184 ,$161 
390049,MM SMPLE SRVNG TUNA SALMON,82927414802, 24 , 26 ,(2),108%,$19 ,$20 
390067,MM SMPLE SRVNG 12CT SF VP,82927414837, 28 , 26 , 2 ,93%,$128 ,$119 
390074,MM SMPLE SRVNG 24CT SF VP,82927414851, 20 , 18 , 2 ,90%,$179 ,$161 
390045,MM SMPLE SRVNG TUNA WHTFSH,82927414961, 60 , 55 , 5 ,92%,$47 ,$43 
420973,MM BASTED BITES CKN TUNA,82927421880, 88 , 88 , 0 ,100%,$350 ,$351 
867692,MM BASTED BITES CKN TUNA,82927421920, 16 , 16 , 0 ,100%,$190 ,$190 
181921,MEOW MIX ORIGINAL,82927450225, 34 , 35 ,(1),103%,$404 ,$416 
263014,MMIX TENDER FAV POULTRY/BEEF,82927450236, 34 , 35 ,(1),103%,$372 ,$383 
237486,MMIX PATE TPRS VPK SEAFD&CHKN,82927451229, 8 , 9 ,(1),113%,$46 ,$52 
172073,MEOW MIX TENDERCENTRS SLMN-CKN,82927451250, 19 , 21 ,(2),111%,$226 ,$249 
463876,MMIX TNDR CNTR SLM CHKN 3LB,82927451252, 56 , 60 ,(4),107%,$223 ,$240 
860307,MMIX ORIGINAL DRY CAT 3.15LB,82927451375, 72 , 74 ,(2),103%,$287 ,$295 
615543,MMIX ORIGINAL CAT FOOD 6.3LB,82927451376, 72 , 66 , 6 ,92%,$560 ,$515 
472705,MEOW MIX IRR SOFT SALMON,82927452716, 82 , 77 , 5 ,94%,$119 ,$96 
818618,MM IRR CHKN TKY 2.5OZ,82927452719, 45 , 40 , 5 ,89%,$66 ,$59 
556220,BB HOMESTYLE CHIKN ADULT DOG,84024310017, 168 , 164 , 4 ,98%,$363 ,$354 
635591,BB WILD PUP TRKY & CHKN 12.5OZ,84024310123, 72 , 69 , 3 ,96%,$179 ,$171 
533384,BB WILD SR DOG TRKY & CHK 12.5,84024310124, 36 , 38 ,(2),106%,$89 ,$94 
559081,BB DOG WOLF CRK STW BEEF 12.5,84024310128, 96 , 93 , 3 ,97%,$238 ,$231 
955642,BB WILD BITS TRAIL TRTS SALMON,84024310132, 32 , 35 ,(3),109%,$160 ,$175 
804038,BB PATE KITTEN CHICKEN ENTREE,84024310212, 24 , 26 ,(2),108%,$24 ,$26 
493941,BB PATE ADULT INDOOR CHKN,84024310213, 24 , 29 ,(5),121%,$24 ,$29 
642092,BB FLAKED FISH & SHRIMP,84024310220, 48 , 58 ,(10),121%,$48 ,$57 
800190,BB FLAKED CHICKEN CAT,84024310221, 48 , 19 , 29 ,40%,$71 ,$19 
811896,BB MEATY MORSELS TUNA,84024310226, 96 , 92 , 4 ,96%,$95 ,$92 
421725,BB BLUE PATE ADULT CHICK 5.5OZ,84024310230, 144 , 146 ,(2),101%,$176 ,$178 
581509,BB CHIKN RICE ADULT DOG SMALL,84024310487, 55 , 55 , 0 ,100%,$879 ,$877 
734548,BB HOMESTYLE CHKN DOG FOOD,84024310493, 156 , 155 , 1 ,99%,$337 ,$336 
823362,BB HOMESTYLE REC LAMB 12.5OZDG,84024310494, 144 , 137 , 7 ,95%,$311 ,$297 
957650,BB HOMESTYLE BEEF DOG FOOD,84024310495, 156 , 155 , 1 ,99%,$337 ,$336 
721089,BB HOMESTYLE TURKEY DOG FOOD,84024310496, 132 , 125 , 7 ,95%,$285 ,$271 
668362,BB CHIKN STEW DOG FOOD,84024310519, 108 , 102 , 6 ,94%,$268 ,$253 
515290,BB BEEF STEW DOG FOOD,84024310521, 72 , 76 ,(4),106%,$179 ,$189 
674910,BB WILD ADLT DOG CHKN,84024310532, 10 , 10 , 0 ,100%,$190 ,$190 
826017,BB WILD ADLT DOG CHICKEN,84024310533, 15 , 14 , 1 ,93%,$450 ,$421 
866159,BB WILDRNSS ADLT DOG SALMN,84024310535, 15 , 18 ,(3),120%,$285 ,$342 
622974,BB WILD ADT DOG SALMON,84024310536, 18 , 17 , 1 ,94%,$606 ,$571 
895444,BB HOMESTYLE CHIKN DINR SMALL,84024310550, 144 , 143 , 1 ,99%,$239 ,$238 
642941,BB FAM FAV BBQ DOG FOOD,84024310554, 84 , 79 , 5 ,94%,$208 ,$196 
715377,BB FAM FAV TURKEY DOG FOOD,84024310557, 60 , 70 ,(10),117%,$149 ,$174 
824074,BB HBR APPL & YOG 16OZ DOG,84024310561, 40 , 34 , 6 ,85%,$180 ,$153 
463600,BB HOMESTYLE CHIKN PUPPY FOOD,84024310573, 36 , 41 ,(5),114%,$78 ,$89 
523432,BB HBR BAC EGG & CH 16OZ DOG,84024310633, 84 , 87 ,(3),104%,$377 ,$391 
517978,BB WILD DOG SALMN & CHK 12.5OZ,84024311292, 84 , 89 ,(5),106%,$208 ,$221 
413311,BB CHICKEN BITS VALUE SIZE DOG,84024311665, 42 , 40 , 2 ,95%,$335 ,$320 
458441,BB KITTY CRAVINGS CHICKEN,84024312021, 12 , 7 , 5 ,58%,$21 ,$13 
870559,BB KITTY CRAVINGS SALMON,84024312023, 24 , 24 , 0 ,100%,$43 ,$43 
957847,BB KITTY CRAVINGS TUNA,84024312025, 24 , 21 , 3 ,88%,$43 ,$38 
918762,BB HLTHY ADULT VARIETY FLAKED,84024312122, 46 , 47 ,(1),102%,$505 ,$516 
476680,BB HLTHY KITTEN VARIETY PACK,84024312124, 12 , 10 , 2 ,83%,$59 ,$49 
979515,BB CHIKN ADULT CAT FOOD,84024312239, 2 , 2 , 0 ,100%,$48 ,$48 
624491,BB ADLT CAT INDR HAIRBALL,84024312242, 5 , 8 ,(3),160%,$80 ,$126 
671825,BB ADULT CAT INDOOR FORMULA,84024312243, 7 , 6 , 1 ,86%,$168 ,$144 
973259,BB ADULT CAT INDOOR FORMULA,84024312244, 18 , 14 , 4 ,78%,$150 ,$118 
729627,BB ADULT CAT INDOOR,84024312245, 15 , 17 ,(2),113%,$240 ,$269 
876782,BB ADULT CAT INDOOR SALMON,84024312246, 6 , 9 ,(3),150%,$48 ,$76 
547500,BB ADULT CAT INDOOR SALMON,84024312247, 10 , 10 , 0 ,100%,$160 ,$159 
926953,BB CHIKN SENSTV ADULT CAT FOOD,84024312248, 3 , 5 ,(2),167%,$72 ,$120 
713112,BB ADULT CAT SS CHKN,84024312249, 24 , 18 , 6 ,75%,$210 ,$159 
427331,BB ADULT CAT SS CKN,84024312250, 20 , 17 , 3 ,85%,$315 ,$268 
618700,BB ADULT CAT WEIGHT CONTROL,84024312251, 18 , 20 ,(2),111%,$162 ,$176 
637162,BB KITTEN FORMULA,84024312253, 12 , 15 ,(3),125%,$102 ,$132 
986504,BB ADLT INDOOR CAT CKN GF,84024312255, 12 , 12 , 0 ,100%,$102 ,$100 
831218,BB LPF CHIKN ADULT DOG FOOD,84024312258, 52 , 51 , 1 ,98%,"$2,042 ","$2,005 "
973634,BB LPF CHIKN LRG ADUL DOG FOOD,84024312260, 23 , 23 , 0 ,100%,$917 ,$920 
470464,BB ADULT DOG CKN SM BREED,84024312261, 40 , 39 , 1 ,98%,$399 ,$391 
576657,BB ADULT DOG LAMB & BRN RICE,84024312263, 5 , 9 ,(4),180%,$50 ,$90 
471395,BB PUPPY CHKN & BRN RICE,84024312264, 20 , 21 ,(1),105%,$200 ,$211 
556172,BB SENIOR CHN & BRN RICE DOG,84024312265, 15 , 14 , 1 ,93%,$150 ,$140 
524666,BB GF ADLT CKN 10LB DG,84024312266, 20 , 18 , 2 ,90%,$520 ,$471 
511171,BB GRAIN FREE CHICKEN ADULT,84024312267, 30 , 34 ,(4),113%,$509 ,$569 
951755,BB GRN FR CHIKN PUPPY FOOD,84024312268, 9 , 9 , 0 ,100%,$234 ,$235 
427608,BB GRAIN FREE CHICKEN PUPPY,84024312269, 10 , 10 , 0 ,100%,$170 ,$170 
975824,BB BEEF BITS VALUE SIZE DOG,84024312272, 36 , 40 ,(4),111%,$287 ,$320 
732535,BB KITTY CRAVINGS CHICKEN,84024312289, 12 , 8 , 4 ,67%,$42 ,$28 
520091,BB HLTHY ADULT VARIETY PATE,84024312297, 24 , 25 ,(1),104%,$263 ,$274 
985540,BB STIX BEEF 6OZ DOG,84024312299, 30 , 43 ,(13),143%,$180 ,$255 
441720,BB LAMB & RICE ADULT DOG 22 LB,84024312493, 15 , 15 , 0 ,100%,$585 ,$585 
781536,BB HR GF CHKN W/VEG DOG,84024312513, 108 , 114 ,(6),106%,$226 ,$239 
430507,BB HR GF BEEF W/VEG DOG,84024312514, 72 , 78 ,(6),108%,$150 ,$163 
776331,BB WILDRNSS WILD BITS CHKN,84024312538, 16 , 10 , 6 ,63%,$192 ,$120 
674901,BB WILD ADLT DOG CHICKEN,84024313068, 22 , 22 , 0 ,100%,"$1,012 ","$1,013 "
708780,BB WILD ADLT DOG DUCK,84024313069, 1 , 1 , 0 ,100%,$49 ,$49 
785321,BB WILDERNESS ADLT DOG SALMON,84024313071, 13 , 14 ,(1),108%,$637 ,$686 
413082,BB WILD LB ADLT DOG CHICKEN,84024313072, 16 , 16 , 0 ,100%,$736 ,$736 
497281,BB WILDERNESS PUPPY CHICKEN,84024313075, 10 , 10 , 0 ,100%,$460 ,$460 
662600,BB ROCKY MT ADLT DOG RED MEAT,84024313078, 15 , 14 , 1 ,93%,$285 ,$266 
138231,TX LONESTAR TREATS BEEF JERKY,84423204776, 12 , 8 , 4 ,67%,$90 ,$60 
443095,MIX HAIRBALL CAT FOOD 6.3LB,85159900040, 32 , 34 ,(2),106%,$249 ,$265 
363742,BUCKLEY TRAINERS TREATS CHCKN,85645200506, 24 , 24 , 0 ,100%,$120 ,$120 
738156,BUCKLEY BEEF LUNG JERKY,85660500501, 18 , 21 ,(3),117%,$90 ,$105 
238432,FORTIS CAT TREATS GRILLED TUNA,85705100347, 220 , 221 ,(1),100%,$194 ,$194 
238435,FORTIS CAT TREATS SIMM SALMON,85705100348, 180 , 168 , 12 ,93%,$158 ,$148 
238446,CALICO BAY SKIPJACK TUNA,85705100353, 180 , 174 , 6 ,97%,$72 ,$70 
238448,CALICO BAY TUNA & MACKEREL,85705100354, 108 , 60 , 48 ,56%,$43 ,$24 
238455,CALICO BAY TUNA & WHITEFISH,85705100355, 36 , 156 ,(120),433%,$14 ,$62 
351759,CB TUNA & SALMON IN GRAVY,85705100375, 28 , 22 , 6 ,79%,$14 ,$11 
351754,CB TUNA & PUMPKIN,85705100376, 28 , 28 , 0 ,100%,$14 ,$14 
378607,CALICO BAY VARIETY PACK,85705100377, 16 , 17 ,(1),106%,$96 ,$102 
351766,PARAMOUNT CHICKEN STEW W VEG,85705100378, 64 , 66 ,(2),103%,$95 ,$98 
351763,PARAMOUNT LAMB AND CHCKEN STEW,85705100380, 40 , 37 , 3 ,93%,$60 ,$55 
351775,PARAMOUNT CHICKEN & BEEF W VEG,85705100381, 40 , 38 , 2 ,95%,$60 ,$57 
370219,PARAMOUNT VALUE PACK,85705100385, 10 , 7 , 3 ,70%,$88 ,$61 
0,CATCHUP CAT SUPPLEMENT SALMON,85736400404, 0 , 2 ,(2),N/A,$0 ,$12 
815013,BB CHICKEN PUPPY FOOD,85961000001, 20 , 19 , 1 ,95%,$320 ,$304 
864809,BB HLTHY WGHT ADULT DOG FOOD,85961000002, 15 , 15 , 0 ,100%,$240 ,$240 
846165,BB LPF CHIKN PUPPY FOOD,85961000003, 25 , 24 , 1 ,96%,$750 ,$722 
478567,BB LPF HW CHIKN ADULT DOG FOOD,85961000004, 20 , 19 , 1 ,95%,$600 ,$573 
743821,BB CHIKN ADULT DOG FOOD,85961000007, 50 , 46 , 4 ,92%,$799 ,$735 
737227,BB LPF CHIKN ADULT DOG FOOD,85961000009, 36 , 35 , 1 ,97%,"$1,080 ","$1,040 "
908136,BB CHIKN SENIOR DOG FOOD,85961000013, 20 , 23 ,(3),115%,$320 ,$369 
915358,BB LPF CHIKN SENIOR DOG FOOD,85961000015, 23 , 27 ,(4),117%,$690 ,$810 
630296,BB LPF FISH ADULT DOG FOOD,85961000030, 20 , 21 ,(1),105%,$600 ,$630 
992247,BB LAMB ADULT DOG FOOD,85961000033, 5 , 8 ,(3),160%,$80 ,$128 
599448,BB LPF LAMB ADULT DOG FOOD,85961000035, 15 , 15 , 0 ,100%,$450 ,$450 
405907,BB LPF CHIKN LRG PUPPY FOOD,85961000042, 1 , 1 , 0 ,100%,$30 ,$30 
868464,BB BITS CHICKEN 4OZ DOG,85961000518, 42 , 41 , 1 ,98%,$168 ,$164 
696772,BB WILD TURKEY & CHKN BISCUIT,85961000544, 18 , 20 ,(2),111%,$108 ,$120 
564523,BB WILD DUCK & CHKN BISCUIT,85961000548, 18 , 22 ,(4),122%,$108 ,$132 
489463,BB WILD PUPPY CHICKEN,85961000563, 15 , 19 ,(4),127%,$285 ,$361 
653300,BB WILD SB ADULT DOG CHK,85961000567, 20 , 22 ,(2),110%,$380 ,$418 
658710,BB BLUE WLD SB AD DOG CHICKEN,85961000569, 11 , 10 , 1 ,91%,$330 ,$300 
757075,BB FAM FAV CHIKN DOG FOOD,85961000685, 84 , 80 , 4 ,95%,$208 ,$199 
588149,BB HOMESTYLE CHIKN SENIOR DOG,85961000747, 276 , 272 , 4 ,99%,$596 ,$588 
140377,ULTRA CHEWY CHICKEN DOG BONE,87786900128, 384 , 401 ,(17),104%,$384 ,$401 